"","date","Afghanistan_all","Albania_all","Algeria_all","Andorra_all","Angola_all","Antigua and Barbuda_all","Argentina_all","Armenia_all","Australia_Australian Capital Territory","Australia_From Diamond Princess","Australia_New South Wales","Australia_Northern Territory","Australia_Queensland","Australia_South Australia","Australia_Tasmania","Australia_Victoria","Australia_Western Australia","Austria_all","Azerbaijan_all","Bahamas, The_all","Bahrain_all","Bangladesh_all","Barbados_all","Belarus_all","Belgium_all","Benin_all","Bhutan_all","Bolivia_all","Bosnia and Herzegovina_all","Brazil_all","Brunei_all","Bulgaria_all","Burkina Faso_all","Cabo Verde_all","Cambodia_all","Cameroon_all","Canada_Alberta","Canada_British Columbia","Canada_Grand Princess","Canada_Manitoba","Canada_New Brunswick","Canada_Newfoundland and Labrador","Canada_Nova Scotia","Canada_Ontario","Canada_Prince Edward Island","Canada_Quebec","Canada_Saskatchewan","Central African Republic_all","Chad_all","Chile_all","China_Anhui","China_Beijing","China_Chongqing","China_Fujian","China_Gansu","China_Guangdong","China_Guangxi","China_Guizhou","China_Haiall","China_Hebei","China_Heilongjiang","China_Heall","China_Hong Kong","China_Hubei","China_Huall","China_Inner Mongolia","China_Jiangsu","China_Jiangxi","China_Jilin","China_Liaoning","China_Macau","China_Ningxia","China_Qinghai","China_Shaanxi","China_Shandong","China_Shanghai","China_Shanxi","China_Sichuan","China_Tianjin","China_Tibet","China_Xinjiang","China_Yunall","China_Zhejiang","Colombia_all","Congo (Brazzaville)_all","Congo (Kinshasa)_all","Costa Rica_all","Cote d'Ivoire_all","Croatia_all","Cruise Ship_Diamond Princess","Cuba_all","Cyprus_all","Czechia_all","Denmark_Denmark","Denmark_Faroe Islands","Denmark_Greenland","Djibouti_all","Dominican Republic_all","Ecuador_all","Egypt_all","El Salvador_all","Equatorial Guinea_all","Estonia_all","Eswatini_all","Ethiopia_all","Fiji_all","Finland_all","France_France","France_French Guiana","France_French Polynesia","France_Guadeloupe","France_Mayotte","France_New Caledonia","France_Reunion","France_Saint Barthelemy","France_St Martin","Gabon_all","Gambia, The_all","Georgia_all","Germany_all","Ghana_all","Greece_all","Guatemala_all","Guinea_all","Guyana_all","Haiti_all","Holy See_all","Honduras_all","Hungary_all","Iceland_all","India_all","Indonesia_all","Iran_all","Iraq_all","Ireland_all","Israel_all","Italy_all","Jamaica_all","Japan_all","Jordan_all","Kazakhstan_all","Kenya_all","Korea, South_all","Kosovo_all","Kuwait_all","Kyrgyzstan_all","Latvia_all","Lebanon_all","Liberia_all","Liechtenstein_all","Lithuania_all","Luxembourg_all","Madagascar_all","Malaysia_all","Maldives_all","Malta_all","Martinique_all","Mauritania_all","Mauritius_all","Mexico_all","Moldova_all","Monaco_all","Mongolia_all","Montenegro_all","Morocco_all","Namibia_all","Nepal_all","Netherlands_Aruba","Netherlands_Curacao","Netherlands_Netherlands","Netherlands_Sint Maarten","New Zealand_all","Nicaragua_all","Niger_all","Nigeria_all","North Macedonia_all","Norway_all","Oman_all","Pakistan_all","Panama_all","Papua New Guinea_all","Paraguay_all","Peru_all","Philippines_all","Poland_all","Portugal_all","Qatar_all","Romania_all","Russia_all","Rwanda_all","Saint Lucia_all","Saint Vincent and the Grenadines_all","San Marino_all","Saudi Arabia_all","Senegal_all","Serbia_all","Seychelles_all","Singapore_all","Slovakia_all","Slovenia_all","Somalia_all","South Africa_all","Spain_all","Sri Lanka_all","Sudan_all","Suriname_all","Sweden_all","Switzerland_AG","Switzerland_AI","Switzerland_AR","Switzerland_BE","Switzerland_BL","Switzerland_BS","Switzerland_CH","Switzerland_FR","Switzerland_GE","Switzerland_GL","Switzerland_GR","Switzerland_JU","Switzerland_LU","Switzerland_all","Switzerland_NE","Switzerland_NW","Switzerland_OW","Switzerland_SG","Switzerland_SH","Switzerland_SO","Switzerland_SZ","Switzerland_TG","Switzerland_TI","Switzerland_UR","Switzerland_VD","Switzerland_VS","Switzerland_ZG","Switzerland_ZH","Taiwan*_all","Tanzania_all","Thailand_all","Togo_all","Trinidad and Tobago_all","Tunisia_all","Turkey_all","Ukraine_all","United Arab Emirates_all","United Kingdom_Bermuda","United Kingdom_Cayman Islands","United Kingdom_Channel Islands","United Kingdom_Gibraltar","United Kingdom_Isle of Man","United Kingdom_Montserrat","United Kingdom_United Kingdom","Unites States_Adams, IN","Unites States_Alabama","Unites States_Alachua, FL","Unites States_Alameda County, CA","Unites States_Alaska","Unites States_Anoka, MN","Unites States_Arapahoe, CO","Unites States_Arizona","Unites States_Arkansas","Unites States_Arlington, VA","Unites States_Beadle, SD","Unites States_Bennington County, VT","Unites States_Bergen County, NJ","Unites States_Berkshire County, MA","Unites States_Bernalillo, NM","Unites States_Bon Homme, SD","Unites States_Boone, IN","Unites States_Broward County, FL","Unites States_Bucks, PA","Unites States_Burlington, NJ","Unites States_Calaveras, CA","Unites States_California","Unites States_Camden, NC","Unites States_Camden, NJ","Unites States_Carver County, MN","Unites States_Charles Mix, SD","Unites States_Charleston County, SC","Unites States_Charlotte County, FL","Unites States_Charlton, GA","Unites States_Chatham County, NC","Unites States_Cherokee County, GA","Unites States_Clark County, NV","Unites States_Clark County, WA","Unites States_Cobb County, GA","Unites States_Collier, FL","Unites States_Collin County, TX","Unites States_Colorado","Unites States_Connecticut","Unites States_Contra Costa County, CA","Unites States_Cook County, IL","Unites States_Cuyahoga, OH","Unites States_Dallas, TX","Unites States_Dane, WI","Unites States_Davidson County, TN","Unites States_Davis County, UT","Unites States_Davison, SD","Unites States_DeKalb, GA","Unites States_Delaware","Unites States_Delaware County, PA","Unites States_Denver County, CO","Unites States_Deschutes, OR","Unites States_Diamond Princess","Unites States_District of Columbia","Unites States_Douglas County, CO","Unites States_Douglas County, NE","Unites States_Douglas County, OR","Unites States_Eagle, CO","Unites States_El Paso County, CO","Unites States_Essex, MA","Unites States_Fairfax County, VA","Unites States_Fairfield, CT","Unites States_Fayette County, KY","Unites States_Fayette, GA","Unites States_Florida","Unites States_Floyd, GA","Unites States_Fort Bend County, TX","Unites States_Fresno County, CA","Unites States_Fulton County, GA","Unites States_Georgia","Unites States_Grafton County, NH","Unites States_Grand Princess","Unites States_Grant County, WA","Unites States_Gregg, TX","Unites States_Guam","Unites States_Gunnison, CO","Unites States_Gwinnett, GA","Unites States_Hanover, VA","Unites States_Harford County, MD","Unites States_Harris County, TX","Unites States_Harrison County, KY","Unites States_Hawaii","Unites States_Hendricks County, IN","Unites States_Hillsborough, FL","Unites States_Honolulu County, HI","Unites States_Howard, IN","Unites States_Hudson County, NJ","Unites States_Humboldt County, CA","Unites States_Idaho","Unites States_Illinois","Unites States_Indiana","Unites States_Iowa","Unites States_Island, WA","Unites States_Jackson County, OR","Unites States_Jefferson County, KY","Unites States_Jefferson County, WA","Unites States_Jefferson Parish, LA","Unites States_Jefferson, CO","Unites States_Johnson County, IA","Unites States_Johnson County, KS","Unites States_Johnson, IN","Unites States_Kane, IL","Unites States_Kansas","Unites States_Kentucky","Unites States_Kershaw County, SC","Unites States_King County, WA","Unites States_Kitsap, WA","Unites States_Kittitas County, WA","Unites States_Klamath County, OR","Unites States_Knox, NE","Unites States_Lake, IL","Unites States_Lancaster, SC","Unites States_Larimer, CO","Unites States_Lee County, FL","Unites States_Litchfield, CT","Unites States_Los Angeles, CA","Unites States_Loudoun, VA","Unites States_Louisiana","Unites States_Madera County, CA","Unites States_Maine","Unites States_Manatee County, FL","Unites States_Maricopa County, AZ","Unites States_Marin, CA","Unites States_Marion County, IN","Unites States_Marion County, OR","Unites States_Maryland","Unites States_Massachusetts","Unites States_McHenry, IL","Unites States_Michigan","Unites States_Middlesex County, MA","Unites States_Middlesex, NJ","Unites States_Minnehaha, SD","Unites States_Minnesota","Unites States_Mississippi","Unites States_Missouri","Unites States_Monmouth, NJ","Unites States_Monroe, PA","Unites States_Montana","Unites States_Montgomery County, MD","Unites States_Montgomery County, PA","Unites States_Montgomery, TX","Unites States_Multnomah, OR","Unites States_Napa, CA","Unites States_Nassau County, NY","Unites States_Nassau, FL","Unites States_Nebraska","Unites States_Nevada","Unites States_New Castle, DE","Unites States_New Hampshire","Unites States_New Jersey","Unites States_New Mexico","Unites States_New York","Unites States_New York County, NY","Unites States_Noble, IN","Unites States_Norfolk County, MA","Unites States_Norfolk, VA","Unites States_North Carolina","Unites States_North Dakota","Unites States_Oakland, MI","Unites States_Ohio","Unites States_Okaloosa County, FL","Unites States_Oklahoma","Unites States_Olmsted, MN","Unites States_Orange County, CA","Unites States_Oregon","Unites States_Orleans, LA","Unites States_Pasco, FL","Unites States_Passaic, NJ","Unites States_Pennington, SD","Unites States_Pennsylvania","Unites States_Philadelphia, PA","Unites States_Pierce County, WA","Unites States_Pierce, WI","Unites States_Pima, AZ","Unites States_Pinal County, AZ","Unites States_Pinellas, FL","Unites States_Placer County, CA","Unites States_Polk County, GA","Unites States_Polk, OR","Unites States_Pottawattamie, IA","Unites States_Prince George's, MD","Unites States_Providence County, RI","Unites States_Puerto Rico","Unites States_Ramsey County, MN","Unites States_Rhode Island","Unites States_Riverside County, CA","Unites States_Rockingham County, NH","Unites States_Rockland County, NY","Unites States_Sacramento County, CA","Unites States_San Benito, CA","Unites States_San Diego County, CA","Unites States_San Francisco County, CA","Unites States_San Joaquin, CA","Unites States_San Mateo, CA","Unites States_Santa Clara County, CA","Unites States_Santa Cruz, CA","Unites States_Santa Rosa County, FL","Unites States_Saratoga County, NY","Unites States_Shasta County, CA","Unites States_Shelby County, TN","Unites States_Skagit, WA","Unites States_Snohomish County, WA","Unites States_Socorro, NM","Unites States_Solano, CA","Unites States_Sonoma County, CA","Unites States_South Carolina","Unites States_South Dakota","Unites States_Spartanburg County, SC","Unites States_Spotsylvania, VA","Unites States_St. Joseph, IN","Unites States_St. Louis County, MO","Unites States_Stanislaus, CA","Unites States_Stark, OH","Unites States_Suffolk County, MA","Unites States_Suffolk County, NY","Unites States_Sullivan, TN","Unites States_Summit County, CO","Unites States_Summit, UT","Unites States_Tarrant, TX","Unites States_Tennessee","Unites States_Texas","Unites States_Thurston, WA","Unites States_Tulsa County, OK","Unites States_Ulster County, NY","Unites States_Umatilla, OR","Unites States_Union, NJ","Unites States_Utah","Unites States_Ventura, CA","Unites States_Vermont","Unites States_Virgin Islands","Unites States_Virginia","Unites States_Volusia County, FL","Unites States_Wake County, NC","Unites States_Washington","Unites States_Washington County, OR","Unites States_Washington, D.C.","Unites States_Washoe County, NV","Unites States_Wayne County, PA","Unites States_Wayne, MI","Unites States_Weber, UT","Unites States_West Virginia","Unites States_Westchester County, NY","Unites States_Whatcom, WA","Unites States_Williamson County, TN","Unites States_Wisconsin","Unites States_Worcester, MA","Unites States_Wyoming","Unites States_Yolo County, CA","Uruguay_all","Uzbekistan_all","Venezuela_all","Vietnam_all","Zambia_all","Zimbabwe_all"
"1",2020-01-22,0,0,0,0,0,0,0,0,0,0,0,0,0,0,0,0,0,0,0,0,0,0,0,0,0,0,0,0,0,0,0,0,0,0,0,0,0,0,0,0,0,0,0,0,0,0,0,0,0,0,0,0,0,0,0,0,0,0,0,0,0,0,0,0,0,0,0,0,0,0,0,0,0,0,0,0,0,0,0,0,0,0,0,0,0,0,0,0,0,0,0,0,0,0,0,0,0,0,0,0,0,0,0,0,0,0,0,0,0,0,0,0,0,0,0,0,0,0,0,0,0,0,0,0,0,0,0,0,0,0,0,0,0,0,0,0,0,0,0,0,0,0,0,0,0,0,0,0,0,0,0,0,0,0,0,0,0,0,0,0,0,0,0,0,0,0,0,0,0,0,0,0,0,0,0,0,0,0,0,0,0,0,0,0,0,0,0,0,0,0,0,0,0,0,0,0,0,0,0,0,0,0,0,0,0,0,0,0,0,0,0,0,0,0,0,0,0,0,0,0,0,0,0,0,0,0,0,0,0,0,0,0,0,0,0,0,0,0,0,0,0,0,0,0,0,0,0,0,0,0,0,0,0,0,0,0,0,0,0,0,0,0,0,0,0,0,0,0,0,0,0,0,0,0,0,0,0,0,0,0,0,0,0,0,0,0,0,0,0,0,0,0,0,0,0,0,0,0,0,0,0,0,0,0,0,0,0,0,0,0,0,0,0,0,0,0,0,0,0,0,0,0,0,0,0,0,0,0,0,0,0,0,0,0,0,0,0,0,0,0,0,0,0,0,0,0,0,0,0,0,0,0,0,0,0,0,0,0,0,0,0,0,0,0,0,0,0,0,0,0,0,0,0,0,0,0,0,0,0,0,0,0,0,0,0,0,0,0,0,0,0,0,0,0,0,0,0,0,0,0,0,0,0,0,0,0,0,0,0,0,0,0,0,0,0,0,0,0,0,0,0,0,0,0,0,0,0,0,0,0,0,0,0,0,0,0,0,0,0,0,0,0,0,0,0,0,0,0,0,0,0,0,0,0,0,0,0,0,0,0,0,0,0,0,0,0,0,0,0,0,0,0,0,0,0,0,0,0,0,0,0,0,0,0,0,0,0,0,0,0,0,0,0,0,0,0,0,0,0,0,0,0,0,0
"2",2020-01-23,0,0,0,0,0,0,0,0,0,0,0,0,0,0,0,0,0,0,0,0,0,0,0,0,0,0,0,0,0,0,0,0,0,0,0,0,0,0,0,0,0,0,0,0,0,0,0,0,0,0,1,16,7,1,0,30,2,1,5,1,0,6,0,515,5,0,1,2,0,2,1,1,0,0,2,10,1,6,5,0,0,1,12,0,0,0,0,0,0,0,0,0,0,0,0,0,0,0,0,0,0,0,0,0,0,0,0,0,0,0,0,0,0,0,0,0,0,0,0,0,0,0,0,0,0,0,0,0,0,0,0,0,0,0,0,0,0,0,2,0,0,0,1,0,0,0,0,0,0,0,0,0,0,0,0,0,0,0,0,0,0,0,0,0,0,0,0,0,0,0,0,0,0,0,0,0,0,0,0,0,0,0,0,0,0,0,0,0,0,0,0,0,0,0,0,0,0,0,0,0,0,0,0,0,0,0,0,0,0,0,0,0,0,0,0,0,0,0,0,0,0,0,0,0,0,0,0,0,0,0,0,0,0,0,0,1,0,2,0,0,0,0,0,0,0,0,0,0,0,0,0,0,0,0,0,0,0,0,0,0,0,0,0,0,0,0,0,0,0,0,0,0,0,0,0,0,0,0,0,0,0,0,0,0,0,0,0,0,0,0,0,0,0,0,0,0,0,0,0,0,0,0,0,0,0,0,0,0,0,0,0,0,0,0,0,0,0,0,0,0,0,0,0,0,0,0,0,0,0,0,0,0,0,0,0,0,0,0,0,0,0,0,0,0,0,0,0,0,0,0,0,0,0,0,0,1,0,0,0,0,0,0,0,0,0,0,0,0,0,0,0,0,0,0,0,0,0,0,0,0,0,0,0,0,0,0,0,0,0,0,0,0,0,0,0,0,0,0,0,0,0,0,0,0,0,0,0,0,0,0,0,0,0,0,0,0,0,0,0,0,0,0,0,0,0,0,0,0,0,0,0,0,0,0,0,0,0,0,0,0,0,0,0,0,0,0,0,0,0,0,0,0,0,0,0,0,0,0,0,0,0,0,0,0,0,0,0,0,0,0,0,0,0,0,0,0,0,0,0,0,0,0,0,0,0,0,0,0,0,0,0,0,0,0,0,0,0,0,0,0,0,0,0,0
"3",2020-01-24,0,0,0,0,0,0,0,0,0,0,0,0,0,0,0,0,0,0,0,0,0,0,0,0,0,0,0,0,0,0,0,0,0,0,0,0,0,0,0,0,0,0,0,0,0,0,0,0,0,0,16,29,12,8,4,38,8,5,6,1,4,5,4,459,13,0,8,11,2,4,3,1,0,6,9,22,1,11,4,0,4,3,42,0,0,0,0,0,0,0,0,0,0,0,0,0,0,0,0,0,0,0,0,0,0,0,0,0,0,0,0,0,0,0,0,0,0,0,0,0,0,0,0,0,0,0,0,0,0,0,0,0,0,0,0,0,0,0,0,0,0,0,1,0,0,0,0,0,0,0,0,0,0,0,0,0,0,0,0,0,0,0,0,0,0,0,0,0,0,0,0,0,0,0,0,0,0,0,0,0,0,0,0,0,0,0,0,0,0,0,0,0,0,0,0,0,0,2,0,0,0,0,0,0,0,0,0,0,0,0,0,0,0,0,0,0,0,0,0,0,0,0,0,0,0,0,0,0,0,0,0,0,0,0,0,1,0,4,0,0,0,0,0,0,0,0,0,0,0,0,0,0,0,0,0,0,0,0,0,0,0,0,0,0,0,0,0,0,0,0,0,0,0,0,0,0,0,0,0,0,0,0,0,0,0,0,0,0,0,0,0,0,0,0,0,0,0,0,0,0,0,0,0,0,0,0,0,0,0,0,0,0,0,0,0,0,0,0,0,0,0,0,0,0,0,0,0,0,0,0,0,0,0,0,0,0,0,0,0,0,0,0,0,0,0,0,0,0,0,0,0,0,0,0,0,1,0,0,0,0,0,0,0,0,0,0,0,0,0,0,0,0,0,0,0,0,0,0,0,0,0,0,0,0,0,0,0,0,0,0,0,0,0,0,0,0,0,0,0,0,0,0,0,0,0,0,0,0,0,0,0,0,0,0,0,0,0,0,0,0,0,0,0,0,0,0,0,0,0,0,0,0,0,0,0,0,0,0,0,0,0,0,0,0,0,0,0,0,0,0,0,0,0,0,0,0,0,0,0,0,0,0,0,0,0,0,0,0,0,0,0,0,0,0,0,0,0,0,0,0,0,0,0,0,0,0,0,0,0,0,0,0,0,0,0,0,0,0,0,0,0,4,0,0
"4",2020-01-25,0,0,0,0,0,0,0,0,0,0,0,0,0,0,0,0,0,0,0,0,0,0,0,0,0,0,0,0,0,0,0,0,0,0,0,0,0,0,0,0,0,0,0,0,0,0,0,0,0,0,22,46,34,14,3,64,30,4,10,2,6,10,3,588,32,1,13,25,4,5,3,2,0,8,20,26,1,19,9,0,3,7,59,0,0,0,0,0,0,0,0,0,0,0,0,0,0,0,0,0,0,0,0,0,0,0,0,3,0,0,0,0,0,0,0,0,0,0,0,0,0,0,0,0,0,0,0,0,0,0,0,0,0,0,0,0,0,0,2,0,0,0,2,0,0,0,0,0,0,0,0,0,0,0,0,0,0,0,0,0,0,0,0,0,0,0,0,0,0,0,0,0,0,0,0,0,0,0,0,0,0,0,0,0,0,0,0,0,0,0,0,0,0,0,0,0,0,4,0,0,0,0,0,0,0,0,0,0,0,0,0,0,0,0,0,0,0,0,0,0,0,0,0,0,0,0,0,0,0,0,0,0,0,0,0,4,0,6,0,0,0,0,0,0,0,0,0,0,0,0,0,0,0,0,0,0,0,0,0,0,0,0,0,0,0,0,0,0,0,0,0,0,0,0,0,0,0,0,0,0,0,0,0,0,0,0,0,0,0,0,1,0,0,0,0,0,0,0,0,0,0,0,0,0,0,0,0,0,0,0,0,0,0,0,0,0,0,0,0,0,0,0,0,0,0,0,0,0,0,0,0,0,0,0,0,0,0,0,0,0,0,0,0,0,0,0,0,0,0,0,0,0,0,0,0,1,0,0,0,0,0,0,0,0,0,0,0,0,0,0,0,0,0,0,0,0,0,0,0,0,0,0,0,0,0,0,0,0,0,0,0,0,0,0,0,0,0,0,0,0,0,0,0,0,0,0,0,0,0,0,0,0,0,0,0,0,0,0,0,0,0,0,0,0,0,0,0,0,0,0,0,0,0,0,0,0,0,0,0,0,0,0,0,0,0,0,0,0,0,0,0,0,0,0,0,0,0,0,0,0,0,0,0,0,0,0,0,0,0,0,0,0,0,0,0,0,0,0,0,0,0,0,0,0,0,0,0,0,0,0,0,0,0,0,0,0,0,0,0,0,0,3,0,0
"5",2020-01-26,0,0,0,0,0,0,0,0,0,0,0,0,0,0,0,0,0,0,0,0,0,0,0,0,0,0,0,0,0,0,0,0,0,0,0,0,0,0,0,0,0,0,0,0,0,0,0,0,0,0,46,52,67,22,5,91,33,5,21,9,11,34,6,817,53,8,22,26,5,18,2,3,1,17,33,38,6,33,12,0,4,13,78,0,0,0,0,0,0,0,0,0,0,0,0,0,0,0,0,0,0,0,0,0,0,0,0,4,0,0,0,0,0,0,0,0,0,0,0,0,0,0,0,0,0,0,0,0,0,0,0,0,0,0,0,0,0,0,2,0,0,0,2,0,0,0,0,0,0,0,0,0,0,3,0,0,0,0,0,0,0,0,0,0,0,0,1,0,0,0,0,0,0,0,0,0,0,0,0,0,0,0,0,0,0,0,0,0,0,0,0,0,0,0,0,0,0,4,0,0,0,0,0,0,0,0,0,0,0,0,0,0,0,0,0,0,0,0,0,0,0,0,0,0,0,0,0,0,0,0,0,0,0,0,0,4,0,8,0,0,0,0,0,0,0,0,0,0,0,0,0,0,0,0,0,0,0,0,0,0,0,0,0,0,0,0,0,0,0,0,0,0,0,0,0,0,0,0,0,0,0,0,0,0,0,0,0,0,0,0,1,0,0,0,0,0,0,0,0,0,0,0,0,0,0,0,0,0,0,0,0,0,0,0,0,0,0,0,0,0,0,0,0,0,0,0,0,0,0,0,0,0,0,0,0,0,0,0,0,0,0,0,0,0,0,0,0,0,0,0,0,0,0,0,0,1,0,0,0,0,0,0,0,0,0,0,0,0,0,0,0,0,0,0,0,0,0,0,0,0,0,0,0,0,0,0,0,0,0,0,0,0,0,0,0,0,0,0,0,0,0,0,0,0,0,0,0,0,0,0,0,0,0,0,0,0,0,0,0,0,0,0,0,0,0,0,0,0,0,0,0,0,0,0,0,0,0,0,0,0,0,0,0,0,0,0,0,0,0,0,0,0,0,0,0,0,0,0,0,0,0,0,0,0,0,0,0,0,0,0,0,0,0,0,0,0,0,0,0,0,0,0,0,0,0,0,0,0,0,0,0,0,0,0,0,0,0,0,0,0,0,3,0,0
"6",2020-01-27,0,0,0,0,0,0,0,0,0,0,2,0,0,0,0,1,0,0,0,0,0,0,0,0,0,0,0,0,0,0,0,0,0,0,0,0,0,0,0,0,0,0,0,1,0,0,0,0,0,0,70,75,91,38,8,125,43,6,27,14,17,83,9,1125,79,9,37,40,6,25,5,5,1,26,52,47,10,50,16,0,5,19,117,0,0,0,0,0,0,0,0,0,0,0,0,0,0,0,0,0,0,0,0,0,0,0,0,4,0,0,0,0,0,0,0,0,0,0,0,0,0,0,0,0,0,0,0,0,0,0,0,0,0,0,0,0,0,0,4,0,0,0,3,0,0,0,0,0,0,0,0,0,0,5,0,0,0,0,0,0,0,0,0,0,0,0,1,0,0,0,0,0,0,0,0,0,0,0,0,0,0,0,0,0,0,0,0,0,0,0,0,0,0,0,0,0,0,5,0,0,0,0,0,0,0,0,0,0,0,0,0,0,0,0,0,0,0,0,0,0,0,0,0,0,0,0,0,0,0,0,0,0,0,0,0,5,0,10,0,0,0,0,0,0,0,0,0,0,0,0,0,0,0,0,0,0,0,0,0,0,0,0,0,0,0,0,0,0,0,0,0,0,0,0,0,0,0,0,0,0,0,0,0,0,0,0,0,0,0,0,1,0,0,0,0,0,0,0,0,0,0,0,0,0,0,0,0,0,0,0,0,0,0,0,0,0,0,0,0,0,0,0,0,0,0,0,0,0,0,0,0,0,0,0,0,0,0,0,0,0,0,0,0,0,0,0,0,0,0,0,0,0,0,0,0,1,0,0,0,0,0,0,0,0,0,1,0,0,0,0,0,1,0,0,0,0,0,0,0,0,0,0,0,0,0,0,0,0,0,0,0,0,0,0,0,0,0,0,0,0,0,0,0,0,0,0,0,0,0,0,0,0,0,1,0,0,0,0,0,0,0,0,0,0,0,0,0,0,0,0,0,0,0,0,0,0,0,0,0,0,0,0,0,0,0,0,0,0,0,0,0,0,0,0,0,0,0,0,0,0,0,0,0,0,0,0,0,0,0,0,0,0,0,0,0,0,0,0,0,0,0,0,0,0,0,0,0,0,0,0,0,0,0,0,0,0,0,0,0,0,0,3,0,0
"7",2020-01-28,0,0,0,0,0,0,0,0,0,0,4,0,0,0,0,1,0,0,0,0,0,0,0,0,0,0,0,0,0,0,0,0,0,0,1,0,0,0,0,0,0,0,0,1,0,0,0,0,0,0,85,92,124,62,14,166,54,8,36,20,24,135,10,1503,111,13,52,71,7,32,7,7,5,38,80,59,14,74,24,0,6,28,148,0,0,0,0,0,0,0,0,0,0,0,0,0,0,0,0,0,0,0,0,0,0,0,0,4,0,0,0,0,0,0,0,0,0,0,0,1,0,0,0,0,0,0,0,0,0,0,0,0,0,0,0,0,0,0,4,0,0,0,4,0,0,0,0,0,0,0,0,0,0,5,0,0,0,0,0,0,0,0,0,0,0,0,1,0,0,0,0,0,0,0,0,0,0,0,0,0,0,0,0,0,0,0,0,0,0,0,0,0,0,0,0,0,0,6,0,0,0,0,0,1,0,0,0,0,0,0,0,0,0,0,0,0,0,0,0,0,0,0,0,0,0,0,0,0,0,0,0,0,0,0,0,6,0,10,0,0,0,0,0,0,0,0,0,0,0,0,0,0,0,0,0,0,0,0,0,0,0,0,0,0,0,0,0,0,0,0,0,0,0,0,0,0,0,0,0,0,0,0,0,0,0,0,0,0,0,0,1,0,0,0,0,0,0,0,0,0,0,0,0,0,0,0,0,0,0,0,0,0,0,0,0,0,0,0,0,0,0,0,0,0,0,0,0,0,0,0,0,0,0,0,0,0,0,0,0,0,0,0,0,0,0,0,0,0,0,0,0,0,0,0,0,1,0,0,0,0,0,0,0,0,0,1,0,0,0,0,0,1,0,0,0,0,0,0,0,0,0,0,0,0,0,0,0,0,0,0,0,0,0,0,0,0,0,0,0,0,0,0,0,0,0,0,0,0,0,0,0,0,0,1,0,0,0,0,0,0,0,0,0,0,0,0,0,0,0,0,0,0,0,0,0,0,0,0,0,0,0,0,0,0,0,0,0,0,0,0,0,0,0,0,0,0,0,0,0,0,0,0,0,0,0,0,0,0,0,0,0,0,0,0,0,0,0,0,0,0,0,0,0,0,0,0,0,0,0,0,0,0,0,0,0,0,0,0,0,0,0,3,0,0
"8",2020-01-29,0,0,0,0,0,0,0,0,0,0,5,0,0,0,0,1,0,0,0,0,0,0,0,0,0,0,0,0,0,0,0,0,0,0,1,0,0,1,0,0,0,0,0,1,0,0,0,0,0,0,114,105,151,86,20,220,61,10,45,33,34,184,10,3087,153,17,74,110,9,39,8,11,7,51,105,73,26,98,28,0,10,44,189,0,0,0,0,0,0,0,0,0,0,0,0,0,0,0,0,0,0,0,0,0,0,0,0,5,0,0,0,0,0,0,0,0,0,0,0,3,0,0,0,0,0,0,0,0,0,0,0,0,0,0,0,0,0,0,7,0,0,0,5,0,0,0,0,0,0,0,0,0,0,5,0,0,0,0,0,0,0,0,0,0,0,0,1,0,0,0,0,0,0,0,0,0,0,0,0,0,0,0,0,0,0,0,0,0,0,0,0,0,0,0,0,0,0,8,0,0,0,0,0,1,0,0,0,0,0,0,0,0,0,0,0,0,0,0,0,0,0,0,0,0,0,0,0,0,0,0,0,0,0,0,0,8,0,14,0,0,0,0,0,0,0,0,0,0,0,0,0,0,0,0,0,0,0,0,0,0,0,0,0,0,0,0,0,0,0,0,0,0,0,0,0,0,0,0,0,0,0,0,0,0,0,0,0,0,0,0,1,0,0,0,0,0,0,0,0,0,0,0,0,0,0,0,0,0,0,0,0,0,0,0,0,0,0,0,0,0,0,0,0,0,0,0,0,0,0,0,0,0,0,0,0,0,0,0,0,0,0,0,0,0,0,0,0,0,0,0,0,0,0,0,0,1,0,0,0,0,0,0,0,0,0,1,0,0,0,0,0,1,0,0,0,0,0,0,0,0,0,0,0,0,0,0,0,0,0,0,0,0,0,0,0,0,0,0,0,0,0,0,0,0,0,0,0,0,0,0,0,0,0,1,0,0,0,0,0,0,0,0,0,0,0,0,0,0,0,0,0,0,0,0,0,0,0,0,0,0,0,0,0,0,0,0,0,0,0,0,0,0,0,0,0,0,0,0,0,0,0,0,0,0,0,0,0,0,0,0,0,0,0,0,0,0,0,0,0,0,0,0,0,0,0,0,0,0,0,0,0,0,0,0,0,0,0,0,0,0,0,2,0,0
"9",2020-01-30,0,0,0,0,0,0,0,0,0,0,5,0,1,0,0,1,0,0,0,0,0,0,0,0,0,0,0,0,0,0,0,0,0,0,1,0,0,1,0,0,0,0,0,1,0,0,0,0,0,0,157,123,172,100,26,289,68,11,50,48,43,231,12,3924,222,19,103,129,10,45,8,13,8,63,139,98,31,120,31,0,13,59,286,0,0,0,0,0,0,0,0,0,0,0,0,0,0,0,0,0,0,0,0,0,0,0,1,6,0,0,0,0,0,0,0,0,0,0,0,4,0,0,0,0,0,0,0,0,0,0,0,0,0,0,0,0,0,0,8,0,0,0,5,0,0,0,0,0,0,0,0,0,0,7,0,0,0,0,0,0,0,0,0,0,0,0,1,0,0,0,0,0,0,0,0,0,0,0,0,0,0,0,0,0,0,0,0,0,0,0,0,0,0,0,0,0,0,8,0,0,0,0,0,1,0,0,0,0,0,0,0,0,0,0,0,0,0,0,0,0,0,0,0,0,0,0,0,0,0,0,0,0,0,0,0,9,0,16,0,0,0,0,0,3,0,0,0,0,0,0,0,0,0,0,0,0,0,0,0,0,0,0,0,0,0,0,0,0,0,0,0,0,0,0,0,0,0,0,0,0,0,0,0,0,0,0,0,0,0,0,1,0,0,0,0,0,0,0,0,0,0,0,0,0,0,0,0,0,0,0,0,0,0,0,0,0,0,0,0,0,0,0,0,0,0,0,0,0,0,0,0,0,0,0,0,0,0,0,0,0,0,0,0,0,0,0,0,0,0,0,0,0,0,0,0,1,0,0,0,0,0,0,0,0,0,1,0,0,0,0,0,1,0,0,0,0,0,0,0,0,0,0,0,0,0,0,0,0,0,0,0,0,0,0,0,0,0,0,0,0,0,0,0,0,0,0,0,0,0,0,0,0,0,1,0,0,0,0,0,0,0,0,0,0,0,0,0,0,0,0,0,0,0,0,0,0,0,0,0,0,0,0,0,0,0,0,0,0,0,0,0,0,0,0,0,0,0,0,0,0,0,0,0,0,0,0,0,0,0,0,0,0,0,0,0,0,0,0,0,0,0,0,0,0,0,0,0,0,0,0,0,0,0,0,0,0,0,0,0,0,0,2,0,0
"10",2020-01-31,0,0,0,0,0,0,0,0,0,0,5,0,2,0,0,2,0,0,0,0,0,0,0,0,0,0,0,0,0,0,0,0,0,0,1,0,0,1,0,0,0,0,0,1,0,0,0,0,0,0,208,132,201,115,30,371,82,13,54,67,50,296,12,5144,292,22,135,169,14,49,9,18,9,72,172,120,39,151,35,1,16,75,419,0,0,0,0,0,0,0,0,0,0,0,0,0,0,0,0,0,0,0,0,0,0,0,1,6,0,0,0,0,0,0,0,0,0,0,0,5,0,0,0,0,0,0,0,0,0,0,1,0,0,0,0,0,0,0,11,0,0,0,5,0,0,0,0,0,0,0,0,0,0,9,0,0,0,0,0,0,0,0,0,0,0,0,1,0,0,0,0,0,0,0,0,0,0,0,0,0,0,0,0,1,0,0,0,0,0,0,0,0,0,0,0,0,0,10,0,0,0,0,0,1,0,0,0,0,0,0,0,0,0,0,0,0,0,0,0,0,0,0,0,0,0,0,0,0,0,0,0,0,0,0,0,10,0,17,0,0,0,0,0,4,0,0,0,0,0,0,0,0,0,0,0,0,0,0,0,0,0,0,0,0,0,0,0,0,0,0,0,0,0,0,0,0,0,0,0,0,0,0,0,0,0,0,0,0,0,0,1,0,0,0,0,0,0,0,0,0,0,0,0,0,0,0,0,0,0,0,0,0,0,0,0,0,0,0,0,0,0,0,0,0,0,0,0,0,0,0,0,0,0,0,0,0,0,0,0,0,0,0,0,0,0,0,0,0,0,0,0,0,0,0,0,1,0,0,0,0,0,0,0,0,0,1,0,0,0,0,0,1,0,0,0,0,0,0,0,0,0,0,0,0,0,0,0,0,0,0,0,0,0,0,0,0,0,0,0,0,0,0,0,0,0,0,0,0,0,0,0,0,0,1,0,0,0,0,0,0,0,0,0,0,0,0,0,0,0,0,0,0,0,0,0,0,0,0,0,0,0,0,0,0,0,0,0,0,0,0,0,0,0,0,0,0,0,0,0,0,0,0,0,0,0,0,0,0,0,0,0,0,0,0,0,0,0,0,0,0,0,0,0,0,0,0,0,0,0,0,0,0,0,0,0,0,0,0,0,0,0,2,0,0
"11",2020-02-01,0,0,0,0,0,0,0,0,0,0,5,0,3,0,0,3,0,0,0,0,0,0,0,0,0,0,0,0,0,0,0,0,0,0,1,0,0,1,0,0,0,0,0,2,0,0,0,0,0,0,257,150,232,133,34,463,95,24,59,87,62,373,13,6308,361,23,176,237,16,54,8,22,10,91,204,145,44,188,37,1,19,91,559,0,0,0,0,0,0,0,0,0,0,0,0,0,0,0,0,0,0,0,0,0,0,0,1,6,0,0,0,0,0,0,0,0,0,0,0,6,0,0,0,0,0,0,0,0,0,0,1,0,0,0,0,0,1,0,15,0,0,0,9,0,0,0,0,0,0,0,0,0,0,9,0,0,0,0,0,0,0,0,0,0,0,0,1,0,0,0,0,0,0,0,0,0,0,0,0,0,0,0,0,1,0,0,0,0,1,0,0,0,0,0,0,0,0,13,0,0,0,0,0,1,0,0,1,0,0,0,0,0,0,0,0,0,0,0,0,0,0,0,0,0,0,0,0,0,0,0,0,0,0,0,0,11,0,20,0,0,0,0,0,5,0,0,0,0,0,0,1,0,0,0,0,0,0,0,0,0,0,0,0,0,0,0,0,0,0,0,0,0,0,0,0,0,0,0,0,0,0,0,0,0,0,0,0,0,0,0,2,0,0,0,0,0,0,0,0,0,0,0,0,0,0,0,0,0,0,0,0,0,0,0,0,0,0,0,0,0,0,0,0,0,0,0,0,0,0,0,0,0,0,0,0,0,0,0,0,0,0,0,0,0,0,0,0,0,0,0,0,0,0,0,0,1,0,0,0,0,0,0,0,0,0,1,0,0,0,0,0,1,0,0,0,0,0,0,0,0,0,0,0,0,0,0,0,0,0,0,0,0,0,0,0,0,0,0,0,0,0,0,0,0,0,0,0,0,0,0,0,0,0,1,0,0,0,0,0,0,0,0,0,0,0,0,0,0,0,0,0,0,0,0,0,0,0,0,0,0,0,0,0,0,1,0,0,0,0,0,0,0,0,0,0,0,0,0,0,0,0,0,0,0,0,0,0,0,0,0,0,0,0,0,0,0,0,0,0,0,0,0,0,0,0,0,0,0,0,0,0,0,0,0,0,0,0,0,0,0,0,2,0,0
"12",2020-02-02,0,0,0,0,0,0,0,0,0,0,5,0,3,1,0,4,0,0,0,0,0,0,0,0,0,0,0,0,0,0,0,0,0,0,1,0,0,1,0,0,0,0,0,3,0,0,0,0,0,0,316,176,267,155,41,568,108,31,66,105,81,454,14,7681,428,26,217,302,18,65,8,28,10,109,231,178,52,224,43,1,21,105,667,0,0,0,0,0,0,0,0,0,0,0,0,0,0,0,0,0,0,0,0,0,0,0,1,6,0,0,0,0,0,0,0,0,0,0,0,8,0,0,0,0,0,0,0,0,0,0,1,0,0,0,0,0,2,0,20,0,0,0,12,0,0,0,0,0,0,0,0,0,0,10,0,0,0,0,0,0,0,0,0,0,0,0,1,0,0,0,0,0,0,0,0,0,0,0,0,0,0,0,0,1,0,0,0,0,2,0,0,0,0,0,0,0,0,17,0,0,0,0,1,1,0,0,1,0,0,0,0,0,0,0,0,0,0,0,0,0,0,0,0,0,0,0,0,0,0,0,0,0,0,0,0,12,0,21,0,0,0,0,0,5,0,0,0,0,0,0,2,0,0,0,0,0,0,0,0,0,0,0,0,0,0,0,0,0,0,0,0,0,0,0,0,0,0,0,0,0,0,0,0,0,0,0,0,0,0,0,2,0,0,0,0,0,0,0,0,0,0,0,0,0,0,0,0,0,0,0,0,0,0,0,0,0,0,0,0,0,0,0,0,0,0,0,0,0,0,0,0,0,0,0,0,0,0,0,0,0,0,0,0,0,0,0,0,0,0,0,0,0,0,0,0,1,0,0,0,0,0,0,0,0,0,1,0,0,0,0,0,1,0,0,0,0,0,0,0,0,0,0,0,0,0,0,0,0,0,0,0,0,0,0,0,0,0,0,0,0,0,0,0,0,0,0,0,0,0,0,0,0,0,1,0,0,0,0,0,0,0,0,0,0,0,0,0,0,0,0,0,0,0,0,0,0,0,0,0,0,0,0,0,0,1,0,0,0,0,0,0,0,0,0,0,0,0,0,0,0,0,0,0,1,0,0,0,0,0,0,0,0,0,0,0,0,0,0,0,0,0,0,0,0,0,0,0,0,0,0,0,0,0,0,0,0,0,0,0,0,0,5,0,0
"13",2020-02-03,0,0,0,0,0,0,0,0,0,0,5,0,3,2,0,5,0,0,0,0,0,0,0,0,0,0,0,0,0,0,0,0,0,0,1,0,0,1,0,0,0,0,0,4,0,0,0,0,0,0,372,202,315,175,52,679,121,40,71,119,100,536,16,10815,504,29,258,363,23,75,8,31,12,126,257,202,66,256,50,1,23,117,752,0,0,0,0,0,0,0,0,0,0,0,0,0,0,0,0,0,0,0,0,0,0,0,1,7,0,0,0,0,0,0,0,0,0,0,0,10,0,0,0,0,0,0,0,0,0,0,2,0,0,0,0,0,2,0,23,0,0,0,16,0,0,0,0,0,0,0,0,0,0,9,0,0,0,0,0,0,0,0,0,0,0,0,1,0,0,0,0,0,0,0,0,0,0,0,0,0,0,0,0,2,0,0,0,0,2,0,0,0,0,0,0,0,0,20,0,0,0,0,1,1,0,0,1,0,0,0,0,0,0,0,0,0,0,0,0,0,0,0,0,0,0,0,0,0,0,0,0,0,0,0,0,12,0,22,0,0,0,0,0,6,0,0,0,0,0,0,2,0,0,0,0,0,0,0,0,0,0,0,0,0,0,0,0,0,0,0,0,0,0,0,0,0,0,0,0,0,0,0,0,0,0,0,0,0,0,0,2,0,0,0,0,0,0,0,0,0,0,0,0,0,0,0,0,0,0,0,0,0,0,0,0,0,0,0,0,0,0,0,0,0,0,0,0,0,0,0,0,0,0,0,0,0,0,0,0,0,0,0,0,0,0,0,0,0,0,0,0,0,0,0,0,1,0,0,0,0,0,0,0,0,0,1,0,0,0,0,0,1,0,0,0,0,0,0,0,0,0,0,0,0,0,0,0,0,0,0,0,0,0,0,0,0,0,0,0,0,0,0,0,0,0,0,0,0,0,0,0,0,0,1,0,0,0,0,0,0,0,0,0,0,0,0,0,0,0,0,0,0,0,0,0,0,0,0,0,0,0,0,0,0,1,0,0,0,0,0,0,0,0,0,0,0,0,0,0,0,0,0,0,1,0,0,0,0,0,0,0,0,0,0,0,0,0,0,0,0,0,0,0,0,0,0,0,0,0,0,0,0,0,0,0,0,0,0,0,0,0,6,0,0
"14",2020-02-04,0,0,0,0,0,0,0,0,0,0,4,0,3,2,0,5,0,0,0,0,0,0,0,0,0,0,0,0,0,0,0,0,0,0,1,0,0,1,0,0,0,0,0,4,0,0,0,0,0,0,438,228,362,195,60,788,136,49,77,129,126,619,17,13979,573,35,298,427,31,82,8,35,14,142,284,225,79,283,61,1,26,130,823,0,0,0,0,0,0,0,0,0,0,0,0,0,0,0,0,0,0,0,0,0,0,0,1,7,0,0,0,0,0,0,0,0,0,0,0,13,0,0,0,0,0,0,0,0,0,0,3,0,0,0,0,0,3,0,24,0,0,0,17,0,0,0,0,0,0,0,0,0,0,9,0,0,0,0,0,0,0,0,0,0,0,0,1,0,0,0,0,0,0,0,0,0,0,0,0,0,0,0,0,2,0,0,0,0,3,0,0,0,0,0,0,0,0,21,0,0,0,0,1,1,0,0,1,0,0,0,0,0,0,0,0,0,0,0,0,0,0,0,0,0,0,0,0,0,0,0,0,0,0,0,0,11,0,22,0,0,0,0,0,6,0,0,0,0,0,0,3,0,0,0,0,0,0,0,0,0,0,0,0,0,0,0,0,0,0,0,0,0,0,0,0,0,0,0,0,0,0,0,0,0,0,0,0,0,0,0,2,0,0,0,0,0,0,0,0,0,0,0,0,0,0,0,0,0,0,0,0,0,0,0,0,0,0,0,0,0,0,0,0,0,0,0,0,0,0,0,0,0,0,0,0,0,0,0,0,0,0,0,0,0,0,0,0,0,0,0,0,0,0,0,0,1,0,0,0,0,0,0,0,0,0,1,0,0,0,0,0,1,0,0,0,0,0,0,0,0,0,0,0,0,0,0,0,0,0,0,0,0,0,0,0,0,0,0,0,0,0,0,0,0,0,0,0,0,0,0,0,0,0,1,0,0,0,0,0,0,0,0,0,0,0,0,0,0,0,0,0,0,0,0,0,0,0,0,0,1,0,0,0,0,2,0,0,0,0,0,0,0,0,0,0,0,0,0,0,0,0,0,0,1,0,0,0,0,0,0,0,0,0,0,0,0,0,0,0,0,0,0,0,0,0,0,0,0,0,0,0,0,0,0,0,0,0,0,0,0,0,8,0,0
"15",2020-02-05,0,0,0,0,0,0,0,0,0,0,4,0,3,2,0,5,0,0,0,0,0,0,0,0,1,0,0,0,0,0,0,0,0,0,1,0,0,1,0,0,0,0,0,4,0,0,0,0,0,0,514,249,400,213,65,891,150,61,85,140,160,722,18,17537,647,38,338,508,42,89,10,38,16,156,305,243,90,310,71,1,30,137,911,0,0,0,0,0,0,0,0,0,0,0,0,0,0,0,0,0,0,0,0,0,0,0,1,7,0,0,0,0,0,0,0,0,0,0,0,14,0,0,0,0,0,0,0,0,0,0,3,0,0,0,0,0,3,0,25,0,0,0,19,0,0,0,0,0,0,0,0,0,0,10,0,0,0,0,0,0,0,0,0,0,0,0,1,0,0,0,0,0,0,0,0,0,0,0,0,0,0,0,0,2,0,0,0,0,3,0,0,0,0,0,0,0,0,25,0,0,0,0,1,1,0,0,1,0,0,0,0,0,0,0,0,0,0,0,0,0,0,0,0,0,0,0,0,0,0,0,0,0,0,0,0,12,0,25,0,0,0,0,0,6,0,0,0,0,0,0,3,0,0,0,0,0,0,0,0,0,0,0,0,0,0,0,0,0,0,0,0,0,0,0,0,0,0,0,0,0,0,0,0,0,0,0,0,0,0,0,2,0,0,0,0,0,0,0,0,0,0,0,0,0,0,0,0,0,0,0,0,0,0,0,0,0,0,0,0,0,0,0,0,0,0,0,0,0,0,0,0,0,0,0,0,0,0,0,0,0,0,0,0,0,0,0,0,0,0,0,0,0,0,0,0,1,0,0,0,0,0,0,0,0,0,1,0,0,0,0,0,1,0,0,0,0,0,0,0,0,0,0,0,0,0,0,0,0,0,0,0,0,0,0,0,0,0,0,0,0,0,0,0,0,0,0,0,0,0,0,0,0,0,1,0,0,0,0,0,0,0,0,0,0,0,0,0,0,0,0,0,0,0,0,0,0,0,0,0,2,0,0,0,0,2,0,0,0,0,0,0,0,0,0,0,0,0,0,0,0,0,0,0,1,0,0,0,0,0,0,0,0,0,0,0,0,0,0,0,0,0,0,0,0,0,0,0,0,0,0,0,0,0,0,0,0,0,0,0,0,0,9,0,0
"16",2020-02-06,0,0,0,0,0,0,0,0,0,0,4,0,3,3,0,5,0,0,0,0,0,0,0,0,1,0,0,0,0,0,0,0,0,0,1,0,0,2,0,0,0,0,0,3,0,0,0,0,0,0,580,272,430,226,69,985,163,71,100,150,198,824,21,21141,720,44,375,591,55,96,10,39,18,176,331,265,94,333,77,1,34,143,986,0,0,0,0,0,0,0,0,0,0,0,0,0,0,0,0,0,0,0,0,0,0,0,1,6,0,0,0,0,0,0,0,0,0,0,0,14,0,0,0,0,0,0,0,0,0,0,4,0,0,0,0,0,2,0,25,0,0,0,21,0,0,0,0,0,0,0,0,0,0,12,0,0,0,0,0,0,0,0,0,0,0,0,1,0,0,0,0,0,0,0,0,0,0,0,0,0,0,0,0,2,0,0,0,0,2,0,0,0,0,0,0,0,0,29,0,0,0,0,1,1,0,0,1,0,0,0,0,0,0,0,0,0,0,0,0,0,0,0,0,0,0,0,0,0,0,0,0,0,0,0,0,12,0,27,0,0,0,0,0,6,0,0,0,0,0,0,2,0,0,0,0,0,0,0,0,0,0,0,0,0,0,0,0,0,0,0,0,0,0,0,0,0,0,0,0,0,0,0,0,0,0,0,0,0,0,0,2,0,0,0,0,0,0,0,0,0,0,0,0,0,0,0,0,0,0,0,0,0,0,0,0,0,0,0,0,0,0,0,0,0,0,0,0,0,0,0,0,0,0,0,0,0,0,0,0,0,0,0,0,0,0,0,0,0,0,0,0,0,0,0,0,1,0,0,0,0,0,0,0,0,0,1,0,0,0,0,0,1,0,0,0,0,0,0,0,0,0,0,0,0,0,0,0,0,0,0,0,0,0,0,0,0,0,0,0,0,0,0,0,0,0,0,0,0,0,0,0,0,0,1,0,0,0,0,0,0,0,0,0,0,0,0,0,0,0,0,0,0,0,0,0,0,0,0,0,2,0,0,0,0,2,0,0,0,0,0,0,0,0,0,0,0,0,0,0,0,0,0,0,1,0,0,0,0,0,0,0,0,0,0,0,0,0,0,0,0,0,0,0,0,0,0,0,0,0,0,0,0,0,0,0,0,0,0,0,0,0,10,0,0
"17",2020-02-07,0,0,0,0,0,0,0,0,0,0,4,0,4,3,0,5,0,0,0,0,0,0,0,0,1,0,0,0,0,0,0,0,0,0,1,0,0,2,0,0,0,0,0,3,0,0,0,0,0,0,645,295,453,236,71,1068,179,79,112,166,241,924,24,24345,781,49,409,660,65,102,11,42,20,190,366,281,103,352,85,1,38,147,1049,0,0,0,0,0,0,0,0,0,0,0,0,0,0,0,0,0,0,0,0,0,0,0,1,6,0,0,0,0,0,0,0,0,0,0,0,14,0,0,0,0,0,0,0,0,0,0,4,0,0,0,0,0,2,0,39,0,0,0,24,0,0,0,0,0,0,0,0,0,0,13,0,0,0,0,0,0,0,0,0,0,0,0,1,0,0,0,0,0,0,0,0,0,0,0,0,0,0,0,0,2,0,0,0,0,2,0,0,0,0,0,0,0,0,31,0,0,0,0,1,1,0,0,1,0,0,0,0,0,0,0,0,0,0,0,0,0,0,0,0,0,0,0,0,0,0,0,0,0,0,0,0,15,0,27,0,0,0,0,0,6,0,0,0,0,0,0,2,0,0,0,0,0,0,0,0,0,0,0,0,0,0,0,0,0,0,0,0,0,0,0,0,0,0,0,0,0,0,0,0,0,0,0,0,0,0,0,2,0,0,0,0,0,0,0,0,0,0,0,0,0,0,0,0,0,0,0,0,0,0,0,0,0,0,0,0,0,0,0,0,0,0,0,0,0,0,0,0,0,0,0,0,0,0,0,0,0,0,0,0,0,0,0,0,0,0,0,0,0,0,0,0,1,0,0,0,0,0,0,0,0,0,1,0,0,0,0,0,1,0,0,0,0,0,0,0,0,0,0,0,0,0,0,0,0,0,0,0,0,0,0,0,0,0,0,0,0,0,0,0,0,0,0,0,0,0,0,0,0,0,1,0,0,0,0,0,0,0,0,0,0,0,0,0,0,0,0,0,0,0,0,0,0,0,0,0,3,0,0,0,0,2,0,0,0,0,0,0,0,0,0,0,0,0,0,0,0,0,0,0,1,0,0,0,0,0,0,0,0,0,0,0,0,0,0,0,0,0,0,0,0,0,0,0,0,0,0,0,0,0,0,0,0,0,0,0,0,0,11,0,0
"18",2020-02-08,0,0,0,0,0,0,0,0,0,0,4,0,5,2,0,4,0,0,0,0,0,0,0,0,1,0,0,0,0,0,0,0,0,0,1,0,0,3,0,0,0,0,0,3,0,0,0,0,0,0,717,318,469,244,73,1137,188,89,124,183,292,1004,27,27468,841,54,444,726,73,107,11,46,20,202,406,299,112,372,90,1,42,150,1100,0,0,0,0,0,0,38,0,0,0,0,0,0,0,0,0,0,0,0,0,0,0,0,1,6,0,0,0,0,0,0,0,0,0,0,0,14,0,0,0,0,0,0,0,0,0,0,4,0,0,0,0,0,3,0,35,0,0,0,26,0,0,0,0,0,0,0,0,0,0,13,0,0,0,0,0,0,0,0,0,0,0,0,1,0,0,0,0,0,0,0,0,0,0,0,0,0,0,0,0,3,0,0,0,0,2,0,0,0,0,0,0,0,0,33,0,0,0,0,1,1,0,0,1,0,0,0,0,0,0,0,0,0,0,0,0,0,0,0,0,0,0,0,0,0,0,0,0,0,0,0,0,16,0,27,0,0,0,0,0,5,0,0,0,0,0,0,3,0,0,0,0,0,0,0,0,0,0,0,0,0,0,0,0,0,0,0,0,0,0,0,0,0,0,0,0,0,0,0,0,0,0,0,0,0,0,0,2,0,0,0,0,0,0,0,0,0,0,0,0,0,0,0,0,0,0,0,0,0,0,0,0,0,0,0,0,0,0,0,0,0,0,0,0,0,0,0,0,0,0,0,0,0,0,0,0,0,0,0,0,0,0,0,0,0,0,0,0,0,0,0,0,1,0,0,0,0,0,0,0,0,0,1,0,0,0,0,0,1,0,0,0,0,0,0,0,0,0,0,0,0,0,0,0,0,0,0,0,0,0,0,0,0,0,0,0,0,0,0,0,0,0,0,0,0,0,0,0,0,0,1,0,0,0,0,0,0,0,0,0,0,0,0,0,0,0,0,0,0,0,0,0,0,0,0,0,3,0,0,0,0,2,0,0,0,0,0,0,0,0,0,0,0,0,0,0,0,0,0,0,1,0,0,0,0,0,0,0,0,0,0,0,0,0,0,0,0,0,0,0,0,0,0,0,0,0,0,0,0,0,0,0,0,0,0,0,0,0,11,0,0
"19",2020-02-09,0,0,0,0,0,0,0,0,0,0,4,0,5,2,0,4,0,0,0,0,0,0,0,0,1,0,0,0,0,0,0,0,0,0,1,0,0,4,0,0,0,0,0,3,0,0,0,0,0,0,790,338,472,255,81,1196,197,97,134,204,328,1075,28,30079,881,57,476,774,79,112,11,48,20,212,443,311,123,391,95,1,46,150,1140,0,0,0,0,0,0,61,0,0,0,0,0,0,0,0,0,0,0,0,0,0,0,0,1,9,0,0,0,0,0,0,0,0,0,0,0,14,0,0,0,0,0,0,0,0,0,0,3,0,0,0,0,0,3,0,31,0,0,0,27,0,0,0,0,0,0,0,0,0,0,16,0,0,0,0,0,0,0,0,0,0,0,0,1,0,0,0,0,0,0,0,0,0,0,0,0,0,0,0,0,3,0,0,0,0,2,0,0,0,0,0,0,0,0,36,0,0,0,0,1,1,0,0,1,0,0,0,0,0,0,0,0,0,0,0,0,0,0,0,0,0,0,0,0,0,0,0,0,0,0,0,0,18,0,31,0,0,0,0,0,6,0,0,0,0,0,0,3,0,0,0,0,0,0,0,0,0,0,0,0,0,0,0,0,0,0,0,0,0,0,0,0,0,0,0,0,0,0,0,0,0,0,0,0,0,0,0,2,0,0,0,0,0,0,0,0,0,0,0,0,0,0,0,0,0,0,0,0,0,0,0,0,0,0,0,0,0,0,0,0,0,0,0,0,0,0,0,0,0,0,0,0,0,0,0,0,0,0,0,0,0,0,0,0,0,0,0,0,0,0,0,0,1,0,0,0,0,0,0,0,0,0,1,0,0,0,0,0,1,0,0,0,0,0,0,0,0,0,0,0,0,0,0,0,0,0,0,0,0,0,0,0,0,0,0,0,0,0,0,0,0,0,0,0,0,0,0,0,0,0,1,0,0,0,0,0,0,0,0,0,0,0,0,0,0,0,0,0,0,0,0,0,0,0,0,0,2,0,0,0,0,2,0,0,0,0,0,0,0,0,0,0,0,0,0,0,0,0,0,0,1,0,0,0,0,0,0,0,0,0,0,0,0,0,0,0,0,0,0,0,0,0,0,0,0,0,0,0,0,0,0,0,0,0,0,0,0,0,13,0,0
"20",2020-02-10,0,0,0,0,0,0,0,0,0,0,4,0,6,2,0,4,0,0,0,0,0,0,0,0,1,0,0,0,0,0,0,0,0,0,1,0,0,5,0,0,0,0,0,3,0,0,0,0,0,0,848,352,492,265,87,1234,208,107,142,221,350,1131,31,32586,913,59,506,814,86,115,11,49,20,223,476,317,129,410,99,1,49,150,1164,0,0,0,0,0,0,75,0,0,0,0,0,0,0,0,0,0,0,0,0,0,0,0,1,11,0,0,0,0,0,0,0,0,0,0,0,15,0,0,0,0,0,0,0,0,0,0,3,0,0,0,0,0,3,0,29,0,0,0,28,0,0,0,0,0,0,0,0,0,0,17,0,0,0,0,0,0,0,0,0,0,0,0,1,0,0,0,0,0,0,0,0,0,0,0,0,0,0,0,0,3,0,0,0,0,2,0,0,0,0,0,0,0,0,41,0,0,0,0,2,1,0,0,1,0,0,0,0,0,0,0,0,0,0,0,0,0,0,0,0,0,0,0,0,0,0,0,0,0,0,0,0,19,0,34,0,0,0,0,0,7,0,0,0,0,0,0,3,0,0,0,0,0,0,0,0,0,0,0,0,0,0,0,0,0,0,0,0,0,0,0,0,0,0,0,0,0,0,0,0,0,0,0,0,0,0,0,2,0,0,0,0,0,0,0,0,0,0,0,0,0,0,0,0,0,0,0,0,0,0,0,0,0,0,0,0,0,0,0,0,0,0,0,0,0,0,0,0,0,0,0,0,0,0,0,0,0,0,0,0,0,0,0,0,0,0,0,0,0,0,0,0,1,0,0,0,0,0,0,0,0,0,1,0,0,0,0,0,1,0,0,0,0,0,0,0,0,0,0,0,0,0,0,0,0,0,0,0,0,0,0,0,0,0,0,0,0,0,0,0,0,0,0,0,0,0,0,0,0,0,1,0,0,0,0,0,0,0,0,0,0,0,0,0,0,0,0,0,0,0,0,0,0,0,0,0,2,0,0,0,0,2,0,0,0,0,0,0,0,0,0,0,0,0,0,0,0,0,0,0,1,0,0,0,0,0,0,0,0,0,0,0,0,0,0,0,0,0,0,0,0,0,0,0,0,0,0,0,0,0,0,0,0,0,0,0,0,0,14,0,0
"21",2020-02-11,0,0,0,0,0,0,0,0,0,0,4,0,6,2,0,4,0,0,0,0,0,0,0,0,1,0,0,0,0,0,0,0,0,0,1,0,0,5,0,0,0,0,0,3,0,0,0,0,0,0,901,363,510,275,90,1257,220,117,149,235,370,1171,37,34774,944,62,530,844,90,116,10,52,19,230,502,321,132,429,102,1,52,153,1174,0,0,0,0,0,0,125,0,0,0,0,0,0,0,0,0,0,0,0,0,0,0,0,1,12,0,0,0,0,0,0,0,0,0,0,0,15,0,0,0,0,0,0,0,0,0,0,3,0,0,0,0,0,3,0,27,0,0,0,29,0,0,0,0,0,0,0,0,0,0,19,0,0,0,0,0,0,0,0,0,0,0,0,1,0,0,0,0,0,0,0,0,0,0,0,0,0,0,0,0,3,0,0,0,0,2,0,0,0,0,0,0,0,0,47,0,0,0,0,2,1,0,0,1,0,0,0,0,0,0,0,0,0,0,0,0,0,0,0,0,0,0,0,0,0,0,0,0,0,0,0,0,20,0,34,0,0,0,0,0,8,0,0,0,0,0,0,6,0,0,0,0,0,0,0,0,0,0,0,0,0,0,0,0,0,0,0,0,0,0,0,0,0,0,0,0,0,0,0,0,0,0,0,0,0,0,0,2,0,0,0,0,0,0,0,0,0,0,0,0,0,0,0,0,0,0,0,0,0,0,0,0,0,0,0,0,0,0,0,0,0,0,0,0,0,0,0,0,0,0,0,0,0,0,0,0,0,0,0,0,0,0,0,0,0,0,0,0,0,0,0,0,1,0,0,0,0,0,0,0,0,0,1,0,0,0,0,0,1,0,0,0,0,0,0,0,0,0,0,0,0,0,0,0,0,0,0,0,0,0,0,0,0,0,0,0,0,0,0,0,0,0,0,0,0,0,0,0,0,0,1,0,0,0,0,0,0,0,0,0,0,0,0,0,0,0,0,0,0,0,0,0,0,0,0,0,2,0,0,0,0,2,0,0,0,0,0,0,0,0,0,0,0,0,0,0,0,0,0,0,1,0,0,0,0,0,0,0,0,0,0,0,0,0,0,0,0,0,0,0,0,0,0,0,0,0,0,0,0,0,0,0,0,0,0,0,0,0,15,0,0
"22",2020-02-12,0,0,0,0,0,0,0,0,0,0,4,0,6,2,0,4,0,0,0,0,0,0,0,0,1,0,0,0,0,0,0,0,0,0,1,0,0,5,0,0,0,0,0,3,0,0,0,0,0,0,936,368,528,282,92,1266,229,132,155,253,392,1197,48,36496,971,63,552,869,91,117,10,55,19,235,524,322,134,443,110,1,57,157,1183,0,0,0,0,0,0,153,0,0,0,0,0,0,0,0,0,0,0,0,0,0,0,0,1,12,0,0,0,0,0,0,0,0,0,0,0,16,0,0,0,0,0,0,0,0,0,0,3,0,0,0,0,0,3,0,26,0,0,0,30,0,0,0,0,0,0,0,0,0,0,20,0,0,0,0,0,0,0,0,0,0,0,0,1,0,0,0,0,0,0,0,0,0,0,0,0,0,0,0,0,3,0,0,0,0,2,0,0,0,0,0,0,0,0,51,0,0,0,0,2,1,0,0,1,0,0,0,0,0,0,0,0,0,0,0,0,0,0,0,0,0,0,0,0,0,0,0,0,0,0,0,0,20,0,35,0,0,0,0,0,9,0,0,0,0,0,0,8,0,0,0,0,0,0,0,0,0,0,0,0,0,0,0,0,0,0,0,0,0,0,0,0,0,0,0,0,0,0,0,0,0,0,0,0,0,0,0,2,0,0,0,0,0,0,0,0,0,0,0,0,0,0,0,0,0,0,0,0,0,0,0,0,0,0,0,0,0,0,0,0,0,0,0,0,0,0,0,0,0,0,0,0,0,0,0,0,0,0,0,0,0,0,0,0,0,0,0,0,0,0,0,0,1,0,0,0,0,0,0,0,0,0,1,0,0,0,0,0,1,0,0,0,0,0,0,0,0,0,0,0,0,0,0,0,0,0,0,0,0,0,0,0,0,0,0,0,0,0,0,0,0,0,0,0,0,0,0,0,0,0,1,0,0,0,0,0,0,0,0,0,0,0,0,0,0,0,0,0,0,0,0,0,0,0,0,0,2,1,0,0,0,2,0,0,0,0,0,0,0,0,0,0,0,0,0,0,0,0,0,0,1,0,0,0,0,0,0,0,0,0,0,0,0,0,0,0,0,0,0,0,0,0,0,0,0,0,0,0,0,0,0,0,0,0,0,0,0,0,16,0,0
"23",2020-02-13,0,0,0,0,0,0,0,0,0,0,4,0,5,2,0,4,0,0,0,0,0,0,0,0,1,0,0,0,0,0,0,0,0,0,1,0,0,5,0,0,0,0,0,3,0,0,0,0,0,0,962,372,542,286,93,1283,236,143,164,268,411,1216,54,36948,998,64,576,898,91,120,10,59,19,238,536,325,135,458,117,1,62,159,1186,0,0,0,0,0,0,190,0,0,0,0,0,0,0,0,0,0,0,0,0,0,0,0,1,12,0,0,0,0,0,0,0,0,0,0,0,17,0,0,0,0,0,0,0,0,0,0,3,0,0,0,0,0,3,0,27,0,0,0,30,0,0,0,0,0,0,0,0,0,0,20,0,0,0,0,0,0,0,0,0,0,0,0,1,0,0,0,0,0,0,0,0,0,0,0,0,0,0,0,0,3,0,0,0,0,2,0,0,0,0,0,0,0,0,54,0,0,0,0,2,1,0,0,1,0,0,0,0,0,0,0,0,0,0,0,0,0,0,0,0,0,0,0,0,0,0,0,0,0,0,0,0,19,0,35,0,0,0,0,0,9,0,0,0,0,0,0,10,0,0,0,0,0,0,0,0,0,0,0,0,0,0,0,0,0,0,0,0,0,0,0,0,0,0,0,0,0,0,0,0,0,0,0,0,0,0,0,2,0,0,0,0,0,0,0,0,0,0,0,0,0,0,0,0,0,0,0,0,0,0,0,0,0,0,0,0,0,0,0,0,0,0,0,0,0,0,0,0,0,0,0,0,0,0,0,0,0,0,0,0,0,0,0,0,0,0,0,0,0,0,0,0,1,0,0,0,0,0,0,0,0,0,1,0,0,0,0,0,1,0,0,0,0,0,0,0,0,0,0,0,0,0,0,0,0,0,0,0,0,0,0,0,0,0,0,0,0,0,0,0,0,0,0,0,0,0,0,0,0,0,1,0,0,0,0,0,0,0,0,0,0,0,0,0,0,0,0,0,0,0,0,0,0,0,0,0,2,1,0,0,0,2,0,0,0,0,0,0,0,0,0,0,0,0,0,0,0,0,0,0,1,0,0,0,0,0,0,0,0,0,0,0,0,0,0,0,0,0,0,0,0,0,0,0,0,0,0,0,0,0,0,0,0,0,0,0,0,0,16,0,0
"24",2020-02-14,0,0,0,0,0,0,0,0,0,0,4,0,5,2,0,4,0,0,0,0,0,0,0,0,1,0,0,0,0,0,0,0,0,0,1,0,0,4,0,0,0,0,0,3,0,0,0,0,0,0,978,381,553,291,95,1296,237,149,168,282,426,1235,59,45815,1018,65,600,922,91,122,10,65,18,241,544,327,134,472,124,1,67,161,1189,0,0,0,0,0,0,207,0,0,0,0,0,0,0,0,0,0,0,0,0,0,0,0,1,12,0,0,0,0,0,0,0,0,0,0,0,17,0,0,0,0,0,0,0,0,0,0,3,0,0,0,0,0,3,0,27,0,0,0,30,0,0,0,0,0,0,0,0,0,0,20,0,0,0,0,0,0,0,0,0,0,0,0,1,0,0,0,0,0,0,0,0,0,0,0,0,0,0,0,0,3,0,0,0,0,2,0,0,0,0,0,0,0,0,60,0,0,0,0,2,1,0,0,1,0,0,0,0,0,0,0,0,0,0,0,0,0,0,0,0,0,0,0,0,0,0,0,0,0,0,0,0,19,0,35,0,0,0,0,0,9,0,0,0,0,0,0,11,0,0,0,0,0,0,0,0,0,0,0,0,0,0,0,0,0,0,0,0,0,0,0,0,0,0,0,0,0,0,0,0,0,0,0,0,0,0,0,2,0,0,0,0,0,0,0,0,0,0,0,0,0,0,0,0,0,0,0,0,0,0,0,0,0,0,0,0,0,0,0,0,0,0,0,0,0,0,0,0,0,0,0,0,0,0,0,0,0,0,0,0,0,0,0,0,0,0,0,0,0,0,0,0,1,0,0,0,0,0,0,0,0,0,1,0,0,0,0,0,1,0,0,0,0,0,0,0,0,0,0,0,0,0,0,0,0,0,0,0,0,0,0,0,0,0,0,0,0,0,0,0,0,0,0,0,0,0,0,0,0,0,1,0,0,0,0,0,0,0,0,0,0,0,0,0,0,0,0,0,0,0,0,0,0,0,0,0,2,2,0,0,0,2,0,0,0,0,0,0,0,0,0,0,0,0,0,0,0,0,0,0,1,0,0,0,0,0,0,0,0,0,0,0,0,0,0,0,0,0,0,0,0,0,0,0,0,0,0,0,0,0,0,0,0,0,0,0,0,0,17,0,0
"25",2020-02-15,0,0,0,0,0,0,0,0,0,0,4,0,5,2,0,4,0,0,0,0,0,0,0,0,1,0,0,0,0,0,0,0,0,0,1,0,0,4,0,0,0,0,0,3,0,0,0,0,0,0,991,387,560,293,95,1308,238,153,170,298,445,1245,62,54697,1034,67,622,945,91,123,10,70,18,241,552,328,133,484,128,1,70,165,1190,0,0,0,0,0,0,238,0,0,0,0,0,0,0,0,0,1,0,0,0,0,0,0,1,12,0,0,0,0,0,0,0,0,0,0,0,17,0,0,0,0,0,0,0,0,0,0,3,0,0,0,0,0,3,0,28,0,0,0,30,0,0,0,0,0,0,0,0,0,0,20,0,0,0,0,0,0,0,0,0,0,0,0,1,0,0,0,0,0,0,0,0,0,0,0,0,0,0,0,0,3,0,0,0,0,2,0,0,0,0,0,0,0,0,69,0,0,0,0,2,1,0,0,1,0,0,0,0,0,0,0,0,0,0,0,0,0,0,0,0,0,0,0,0,0,0,0,0,0,0,0,0,19,0,35,0,0,0,0,0,9,0,0,0,0,0,0,11,0,0,0,0,0,0,0,0,0,0,0,0,0,0,0,0,0,0,0,0,0,0,0,0,0,0,0,0,0,0,0,0,0,0,0,0,0,0,0,2,0,0,0,0,0,0,0,0,0,0,0,0,0,0,0,0,0,0,0,0,0,0,0,0,0,0,0,0,0,0,0,0,0,0,0,0,0,0,0,0,0,0,0,0,0,0,0,0,0,0,0,0,0,0,0,0,0,0,0,0,0,0,0,0,1,0,0,0,0,0,0,0,0,0,1,0,0,0,0,0,1,0,0,0,0,0,0,0,0,0,0,0,0,0,0,0,0,0,0,0,0,0,0,0,0,0,0,0,0,0,0,0,0,0,0,0,0,0,0,0,0,0,1,0,0,0,0,0,0,0,0,0,0,0,0,0,0,0,0,0,0,0,0,0,0,0,0,0,2,2,0,0,0,2,0,0,0,0,0,0,0,0,0,0,0,0,0,0,0,0,0,0,1,0,0,0,0,0,0,0,0,0,0,0,0,0,0,0,0,0,0,0,0,0,0,0,0,0,0,0,0,0,0,0,0,0,0,0,0,0,17,0,0
"26",2020-02-16,0,0,0,0,0,0,0,0,0,0,4,0,5,2,0,4,0,0,0,0,0,0,0,0,1,0,0,0,0,0,0,0,0,0,1,0,0,4,0,0,0,0,0,3,0,0,0,0,0,0,999,389,565,295,94,1327,242,155,171,309,454,1258,63,60504,1043,70,637,958,91,123,10,74,18,241,557,332,132,491,130,1,74,170,1189,0,0,0,0,0,0,293,0,0,0,0,0,0,0,0,0,1,0,0,0,0,0,0,1,12,0,0,0,0,0,0,0,0,0,0,0,17,0,0,0,0,0,0,0,0,0,0,3,0,0,0,0,0,3,0,38,0,0,0,29,0,0,0,0,0,0,0,0,0,0,22,0,0,0,0,0,0,0,0,0,0,0,0,1,0,0,0,0,0,0,0,0,0,0,0,0,0,0,0,0,3,0,0,0,0,2,0,0,0,0,0,0,0,0,76,0,0,0,0,2,1,0,0,1,0,0,0,0,0,0,0,0,0,0,0,0,0,0,0,0,0,0,0,0,0,0,0,0,0,0,0,0,18,0,34,0,0,0,0,0,8,0,0,0,0,0,0,11,0,0,0,0,0,0,0,0,0,0,0,0,0,0,0,0,0,0,0,0,0,0,0,0,0,0,0,0,0,0,0,0,0,0,0,0,0,0,0,2,0,0,0,0,0,0,0,0,0,0,0,0,0,0,0,0,0,0,0,0,0,0,0,0,0,0,0,0,0,0,0,0,0,0,0,0,0,0,0,0,0,0,0,0,0,0,0,0,0,0,0,0,0,0,0,0,0,0,0,0,0,0,0,0,1,0,0,0,0,0,0,0,0,0,1,0,0,0,0,0,1,0,0,0,0,0,0,0,0,0,0,0,0,0,0,0,0,0,0,0,0,0,0,0,0,0,0,0,0,0,0,0,0,0,0,0,0,0,0,0,0,0,1,0,0,0,0,0,0,0,0,0,0,0,0,0,0,0,0,0,0,0,0,0,0,0,0,0,2,2,0,0,0,2,0,0,0,0,0,0,0,0,0,0,0,0,0,0,0,0,0,0,1,0,0,0,0,0,0,0,0,0,0,0,0,0,0,0,0,0,0,0,0,0,0,0,0,0,0,0,0,0,0,0,0,0,0,0,0,0,17,0,0
"27",2020-02-17,0,0,0,0,0,0,0,0,0,0,4,0,5,2,0,4,0,0,0,0,0,0,0,0,1,0,0,0,0,0,0,0,0,0,1,0,0,4,0,0,0,0,0,3,0,0,0,0,0,0,1004,392,568,295,93,1346,245,155,170,318,467,1270,63,64150,1044,72,648,966,92,124,10,76,18,242,559,334,132,499,131,1,76,174,1188,0,0,0,0,0,0,364,0,0,0,0,0,0,0,0,0,1,0,0,0,0,0,0,1,12,0,0,0,0,0,0,0,0,0,0,0,17,0,0,0,0,0,0,0,0,0,0,3,0,0,0,0,0,3,0,53,0,0,0,29,0,0,0,0,0,0,0,0,0,0,23,0,0,0,0,0,0,0,0,0,0,0,0,1,0,0,0,0,0,0,0,0,0,0,0,0,0,0,0,0,3,0,0,0,0,2,0,0,0,0,0,0,0,0,81,0,0,0,0,2,1,0,0,1,0,0,0,0,0,0,0,0,0,0,0,0,0,0,0,0,0,0,0,0,0,0,0,0,0,0,0,0,19,0,34,0,0,0,0,0,9,0,0,0,0,0,0,10,0,0,0,0,0,0,0,0,0,0,0,0,0,0,0,0,0,0,0,0,0,0,0,0,0,0,0,0,0,0,0,0,0,0,0,0,0,0,0,2,0,0,0,0,0,0,0,0,0,0,0,0,0,0,0,0,0,0,0,0,0,0,0,0,0,0,0,0,0,0,0,0,0,0,0,0,0,0,0,0,0,0,0,0,0,0,0,0,0,0,0,0,0,0,0,0,0,0,0,0,0,0,0,0,1,0,0,0,0,0,0,0,0,0,1,0,0,0,0,0,1,0,0,0,0,0,0,0,0,0,0,0,0,0,0,0,0,0,0,0,0,0,0,0,0,0,0,0,0,0,0,0,0,0,0,0,0,0,0,0,0,0,1,0,0,0,0,0,0,0,0,0,0,0,0,0,0,0,0,0,0,0,0,0,0,0,0,0,2,3,0,0,0,2,0,0,0,0,0,0,0,0,0,0,0,0,0,0,0,0,0,0,1,0,0,0,0,0,0,0,0,0,0,0,0,0,0,0,0,0,0,0,0,0,0,0,0,0,0,0,0,0,0,0,0,0,0,0,0,0,17,0,0
"28",2020-02-18,0,0,0,0,0,0,0,0,0,0,4,0,5,2,0,4,0,0,0,0,0,0,0,0,1,0,0,0,0,0,0,0,0,0,1,0,0,5,0,0,0,0,0,3,0,0,0,0,0,0,1007,392,569,296,93,1355,246,154,169,321,479,1280,64,66319,1040,74,654,968,92,124,10,76,18,244,560,338,132,509,131,1,79,176,1187,0,0,0,0,0,0,461,0,0,0,0,0,0,0,0,0,1,0,0,0,0,0,0,1,12,0,0,0,0,0,0,0,0,0,0,0,16,0,0,0,0,0,0,0,0,0,0,3,0,0,0,0,0,3,0,67,0,0,0,30,0,0,0,0,0,0,0,0,0,0,23,0,0,0,0,0,0,0,0,0,0,0,0,1,0,0,0,0,0,0,0,0,0,0,0,0,0,0,0,0,3,0,0,0,0,2,0,0,0,0,0,0,0,0,84,0,0,0,0,2,1,0,0,1,0,0,0,0,0,0,0,0,0,0,0,0,0,0,0,0,0,0,0,0,0,0,0,0,0,0,0,0,21,0,35,0,0,0,0,0,9,0,0,0,0,0,0,10,0,0,0,0,0,0,0,0,0,0,0,0,0,0,0,0,0,0,0,0,0,0,0,0,0,0,0,0,0,0,0,0,0,0,0,0,0,0,0,2,0,0,0,0,0,0,0,0,0,0,0,0,0,0,0,0,0,0,0,0,0,0,0,0,0,0,0,0,0,0,0,0,0,0,0,0,0,0,0,0,0,0,0,0,0,0,0,0,0,0,0,0,0,0,0,0,0,0,0,0,0,0,0,0,1,0,0,0,0,0,0,0,0,0,1,0,0,0,0,0,1,0,0,0,0,0,0,0,0,0,0,0,0,0,0,0,0,0,0,0,0,0,0,0,0,0,0,0,0,0,0,0,0,0,0,0,0,0,0,0,0,0,1,0,0,0,0,0,0,0,0,0,0,0,0,0,0,0,0,0,0,0,0,0,0,0,0,0,2,2,0,0,0,2,0,0,0,0,0,0,0,0,0,0,0,0,0,0,0,0,0,0,1,0,0,0,0,0,0,0,0,0,0,0,0,0,0,0,0,0,0,0,0,0,0,0,0,0,0,0,0,0,0,0,0,0,0,0,0,0,17,0,0
"29",2020-02-19,0,0,0,0,0,0,0,0,0,0,4,0,5,2,0,4,0,0,0,0,0,0,0,0,1,0,0,0,0,0,0,0,0,0,1,0,0,5,0,0,0,0,0,3,0,0,0,0,0,0,1009,394,568,297,92,1359,247,153,168,322,486,1287,65,67580,1033,76,656,964,91,123,10,75,18,245,558,339,132,520,132,1,80,177,1185,0,0,0,0,0,0,566,0,0,0,0,0,0,0,0,0,1,0,0,0,0,0,0,1,12,0,0,0,0,0,0,0,0,0,0,0,16,0,0,0,0,0,0,0,0,0,0,3,0,0,0,0,0,3,0,79,0,0,0,31,0,0,0,0,0,0,0,0,0,0,23,0,0,0,0,0,0,0,0,0,0,0,0,1,0,0,0,0,0,0,0,0,0,0,0,0,0,0,0,0,3,0,0,0,0,2,0,0,0,0,0,0,0,0,87,0,0,0,0,2,1,0,0,1,0,0,0,0,0,0,0,0,0,0,0,0,0,0,0,0,0,0,0,0,0,0,0,0,0,0,0,0,22,0,35,0,0,0,0,0,9,0,0,0,0,0,0,10,0,0,0,0,0,0,0,0,0,0,0,0,0,0,0,0,0,0,0,0,0,0,0,0,0,0,0,0,0,0,0,0,0,0,0,0,0,0,0,2,0,0,0,0,0,0,0,0,0,0,0,0,0,0,0,0,0,0,0,0,0,0,0,0,0,0,0,0,0,0,0,0,0,0,0,0,0,0,0,0,0,0,0,0,0,0,0,0,0,0,0,0,0,0,0,0,0,0,0,0,0,0,0,0,1,0,0,0,0,0,0,0,0,0,1,0,0,0,0,0,1,0,0,0,0,0,0,0,0,0,0,0,0,0,0,0,0,0,0,0,0,0,0,0,0,0,0,0,0,0,0,0,0,0,0,0,0,0,0,0,0,0,1,0,0,0,0,0,0,0,0,0,0,0,0,0,0,0,0,0,0,0,0,0,0,0,0,0,2,2,0,0,0,2,0,0,0,0,0,0,0,0,0,0,0,0,0,0,0,0,0,0,1,0,0,0,0,0,0,0,0,0,0,0,0,0,0,0,0,0,0,0,0,0,0,0,0,0,0,0,0,0,0,0,0,0,0,0,0,0,16,0,0
"30",2020-02-20,0,0,0,0,0,0,0,0,0,0,4,0,5,2,0,4,0,0,0,0,0,0,0,0,1,0,0,0,0,0,0,0,0,0,1,0,0,5,0,0,0,0,0,3,0,0,0,0,0,0,1009,398,569,298,92,1358,249,151,169,321,490,1289,66,67595,1026,77,654,959,91,123,10,74,18,245,556,339,132,528,133,1,81,177,1183,0,0,0,0,0,0,667,0,0,0,0,0,0,0,0,0,1,0,0,0,0,0,0,1,12,0,0,0,0,0,0,0,0,0,0,0,16,0,0,0,0,0,0,0,0,0,0,3,0,1,0,0,0,3,0,90,0,0,0,32,0,0,0,0,0,0,0,0,0,0,23,0,0,0,0,0,0,0,0,0,0,0,0,1,0,0,0,0,0,0,0,0,0,0,0,0,0,0,0,0,3,0,0,0,0,2,0,0,0,0,0,0,0,0,90,0,0,0,0,2,1,0,0,1,0,0,0,0,0,0,0,0,0,0,0,0,0,0,0,0,0,0,0,0,0,0,0,0,0,0,0,0,24,0,35,0,0,0,0,0,9,0,0,0,0,0,0,9,0,0,0,0,0,0,0,0,0,0,0,0,0,0,0,0,0,0,0,0,0,0,0,0,0,0,0,0,0,0,0,0,0,0,0,0,0,0,0,2,0,0,0,0,0,0,0,0,0,0,0,0,0,0,0,0,0,0,0,0,0,0,0,0,0,0,0,0,0,0,0,0,0,0,0,0,0,0,0,0,0,0,0,0,0,0,0,0,0,0,0,0,0,0,0,0,0,0,0,0,0,0,0,0,1,0,0,0,0,0,0,0,0,0,1,0,0,0,0,0,1,0,0,0,0,0,0,0,0,0,0,0,0,0,0,0,0,0,0,0,0,0,0,0,0,0,0,0,0,0,0,0,0,0,0,0,0,0,0,0,0,0,1,0,0,0,0,0,0,0,0,0,0,0,0,0,0,0,0,0,0,0,0,0,0,0,0,0,2,2,0,0,0,2,0,0,0,0,0,0,0,0,0,0,0,0,0,0,0,0,0,0,1,0,0,0,0,0,0,0,0,0,0,0,0,0,0,0,0,0,0,0,0,0,0,0,0,0,0,0,0,0,0,0,0,0,0,0,0,0,16,0,0
"31",2020-02-21,0,0,0,0,0,0,0,0,0,0,4,0,5,2,0,4,0,0,0,0,0,0,0,0,1,0,0,0,0,0,0,0,0,0,1,0,0,5,0,0,0,0,0,3,0,0,0,0,0,0,1006,401,572,297,92,1355,249,149,170,318,493,1288,69,67036,1021,78,649,952,92,122,10,73,18,247,554,338,133,534,134,1,80,177,1181,0,0,0,0,0,0,722,0,0,0,0,0,0,0,0,0,1,0,0,0,0,0,0,1,12,0,0,0,0,0,0,0,0,0,0,0,16,0,0,0,0,0,0,0,0,0,0,3,0,4,0,0,0,3,0,102,0,0,0,77,0,0,0,0,0,0,0,0,0,0,23,0,0,0,0,0,0,0,0,0,0,0,0,1,0,0,0,0,0,0,0,0,0,0,0,0,0,0,0,0,3,0,0,0,0,2,0,0,0,0,0,0,0,0,90,0,0,0,0,2,1,0,0,1,0,0,0,0,0,0,0,0,0,0,0,0,0,0,0,0,0,0,0,0,0,0,0,0,0,0,0,0,25,0,35,0,0,0,0,0,9,0,0,0,0,0,0,9,0,0,0,0,0,0,0,0,0,0,0,0,0,0,0,0,0,0,0,0,0,0,0,0,0,0,0,0,0,0,0,0,0,0,0,0,0,0,0,2,0,0,0,0,0,0,0,0,0,0,0,0,0,0,0,0,0,0,0,0,0,0,0,0,0,0,0,0,0,0,0,0,0,0,0,0,0,0,0,0,0,0,0,0,0,0,0,0,0,0,0,0,0,0,0,0,0,0,0,0,0,0,0,0,1,0,0,0,0,0,0,0,0,0,1,0,0,0,0,0,1,0,0,0,0,0,0,0,0,0,0,0,0,0,0,0,0,0,0,0,0,0,0,0,0,0,0,0,0,0,0,0,0,0,0,0,0,0,0,0,0,0,1,0,0,0,0,0,0,0,0,0,0,0,0,0,0,0,0,0,0,0,0,0,0,0,0,0,2,2,0,0,0,2,0,0,0,0,0,0,0,0,0,0,0,0,0,0,0,0,0,0,1,0,0,0,0,0,0,0,0,0,0,0,0,0,0,0,0,0,0,0,0,0,0,0,0,0,0,0,0,0,0,0,0,0,0,0,0,0,16,0,0
"32",2020-02-22,0,0,0,0,0,0,0,0,0,2,4,0,5,2,0,4,0,0,0,0,0,0,0,0,1,0,0,0,0,0,0,0,0,0,1,0,0,6,0,0,0,0,0,3,0,0,0,0,0,0,1002,402,576,296,91,1350,250,148,170,316,494,1286,71,66197,1018,78,644,946,92,122,10,73,18,248,677,337,133,538,135,1,79,177,1197,0,0,0,0,0,0,738,0,0,0,0,0,0,0,0,0,1,0,0,0,0,0,0,1,12,0,0,0,0,0,0,0,0,0,0,0,16,0,0,0,0,0,0,0,0,0,0,3,0,13,0,0,1,13,0,114,0,0,0,166,0,0,0,0,1,0,0,0,0,0,23,0,0,0,0,0,0,0,0,0,0,0,0,1,0,0,0,0,0,0,0,0,0,0,0,0,0,0,0,0,3,0,0,0,0,2,0,0,0,0,0,0,0,0,90,0,0,0,0,2,1,0,0,1,0,0,0,0,0,0,0,0,0,0,0,0,0,0,0,0,0,0,0,0,0,0,0,0,0,0,0,0,26,0,35,0,0,0,0,0,9,0,0,0,0,0,0,9,0,0,0,0,0,0,0,0,0,0,0,0,0,0,0,0,0,0,0,0,0,0,0,0,0,0,0,0,0,0,0,0,0,0,0,0,0,0,0,2,0,0,0,0,0,0,0,0,0,0,0,0,0,0,0,0,0,0,0,0,0,0,0,0,0,0,0,0,0,0,0,0,0,0,0,0,0,0,0,0,0,0,0,0,0,0,1,0,0,0,0,0,0,0,0,0,0,0,0,0,0,0,0,0,1,0,0,0,0,0,0,0,0,0,1,0,0,0,0,0,1,0,0,0,0,0,0,0,0,0,0,0,0,0,0,0,0,0,0,0,0,0,0,0,0,0,0,0,0,0,0,0,0,0,0,0,0,0,0,0,0,0,1,0,0,0,0,0,0,0,0,0,0,0,0,0,0,0,0,0,0,0,0,0,0,0,0,1,2,2,0,0,0,2,0,0,0,0,0,0,0,0,0,0,0,0,0,0,0,0,0,0,1,0,0,0,0,0,0,0,0,0,0,0,0,0,0,0,0,0,0,0,0,0,0,0,0,0,0,0,0,0,0,0,0,0,0,0,0,0,16,0,0
"33",2020-02-23,0,0,0,0,0,0,0,0,0,6,4,0,5,2,0,4,0,0,0,0,0,0,0,0,1,0,0,0,0,0,0,0,0,0,1,0,0,6,0,0,0,0,0,3,0,0,0,0,0,0,999,403,579,295,91,1349,251,147,170,314,492,1283,72,66108,1016,77,640,941,92,121,10,72,18,248,754,337,133,539,136,1,78,176,1207,0,0,0,0,0,0,731,0,0,0,0,0,0,0,0,0,1,0,0,0,0,0,0,1,12,0,0,0,0,0,0,0,0,0,0,0,16,0,0,0,0,0,0,0,0,0,0,3,0,25,0,0,1,46,0,129,0,0,0,361,0,0,0,0,1,0,0,0,0,0,22,0,0,0,0,0,0,0,0,0,0,0,0,1,0,0,0,0,0,0,0,0,0,0,0,0,0,0,0,0,3,0,0,0,0,2,0,0,0,0,0,0,0,0,89,0,0,0,0,2,1,0,0,1,0,0,0,0,0,0,0,0,0,0,0,0,0,0,0,0,0,0,0,0,0,0,0,0,0,0,0,0,27,0,35,0,0,0,0,0,12,0,0,0,0,0,0,9,0,0,0,0,0,0,0,0,0,0,0,0,0,0,0,0,0,0,0,0,0,0,0,0,0,0,0,0,0,0,0,0,0,0,0,0,0,0,0,2,0,0,0,0,0,0,0,0,0,0,0,0,0,0,0,0,0,0,0,0,0,0,0,0,0,0,0,0,0,0,0,0,0,0,0,0,0,0,0,0,0,0,0,0,0,0,1,0,0,0,0,0,0,0,0,0,0,0,0,0,0,0,0,0,1,0,0,0,0,0,0,0,0,0,1,0,0,0,0,0,1,0,0,0,0,0,0,0,0,0,0,0,0,0,0,0,0,0,0,0,0,0,0,0,0,0,0,0,0,0,0,0,0,0,0,0,0,0,0,0,0,0,1,0,0,0,0,0,0,0,0,0,0,0,0,0,0,0,0,0,0,0,0,0,0,0,0,1,2,2,0,0,0,2,0,0,0,0,0,0,0,0,0,0,0,0,0,0,0,0,0,0,1,0,0,0,0,0,0,0,0,0,0,0,0,0,0,0,0,0,0,0,0,0,0,0,0,0,0,0,0,0,0,0,0,0,0,0,0,0,16,0,0
"34",2020-02-24,0,0,0,0,0,0,0,0,0,8,4,0,5,2,0,4,0,0,0,0,0,0,0,0,1,0,0,0,0,0,0,0,0,0,1,0,0,6,0,0,0,0,0,3,0,0,0,0,0,0,995,403,580,294,91,1348,252,146,169,314,490,1281,75,65762,1016,77,636,937,92,121,10,72,18,247,796,337,133,537,137,1,77,176,1212,0,0,0,0,0,0,748,0,0,0,0,0,0,0,0,0,1,0,0,0,0,0,0,1,12,0,0,0,0,0,0,0,0,0,0,0,16,0,0,0,0,0,0,0,0,0,0,3,0,41,0,0,1,123,0,152,0,0,0,579,0,0,0,0,1,0,0,0,0,0,22,0,0,0,0,0,0,0,0,0,0,0,0,1,0,0,0,0,0,0,0,0,0,0,0,0,0,0,0,0,3,0,0,0,0,2,0,0,0,0,0,0,0,0,91,0,0,0,0,2,1,0,0,1,0,0,0,0,0,0,0,0,0,0,0,0,0,0,0,0,0,0,0,0,0,0,0,0,0,0,0,0,29,0,35,0,0,0,0,0,13,0,0,0,0,0,0,9,0,0,0,0,0,0,0,0,0,0,0,0,0,0,0,0,0,0,0,0,0,0,0,0,0,0,0,0,0,0,0,0,0,0,0,0,0,0,0,2,0,0,0,0,0,0,0,0,0,0,0,0,0,0,0,0,0,0,0,0,0,0,0,0,0,0,0,0,0,0,0,0,0,0,0,0,0,0,0,0,0,0,0,0,0,0,1,0,0,0,0,0,0,0,0,0,0,0,0,0,0,0,0,0,1,0,0,0,0,0,0,0,0,0,1,0,0,0,0,0,1,0,0,0,0,0,0,0,0,0,0,0,0,0,0,0,0,0,0,0,0,0,0,0,0,0,0,0,0,0,0,0,0,0,0,0,0,0,0,0,0,0,1,0,0,0,0,0,0,0,0,0,0,0,0,0,0,0,0,0,0,0,0,0,0,0,0,1,2,2,0,0,0,2,0,0,0,0,0,0,0,0,0,0,0,0,0,0,0,0,0,0,1,0,0,0,0,0,0,0,0,0,0,0,0,0,0,0,0,0,0,0,0,0,0,0,0,0,0,0,0,0,0,0,0,0,0,0,0,0,16,0,0
"35",2020-02-25,1,0,0,0,0,0,0,0,0,9,4,0,5,2,0,4,0,0,0,0,1,0,0,0,1,0,0,0,0,0,0,0,0,0,1,0,0,6,0,0,0,0,0,4,0,0,0,0,0,0,993,403,581,294,91,1349,253,146,169,313,487,1278,79,65456,1017,76,633,935,93,121,10,71,18,247,813,336,133,536,137,1,77,175,1214,0,0,0,0,0,0,749,0,0,0,0,0,0,0,0,0,1,0,0,0,0,0,0,1,12,0,0,0,0,0,0,0,0,0,0,0,16,0,0,0,0,0,0,0,0,0,0,3,0,61,1,0,1,214,0,170,0,0,0,841,0,1,0,0,1,0,0,0,0,0,22,0,0,0,0,0,0,0,0,0,0,0,0,1,0,0,0,0,0,0,0,0,0,0,1,0,0,0,0,0,3,0,0,0,0,2,0,0,0,0,0,0,0,0,91,0,0,0,0,2,1,0,0,1,0,0,0,0,0,0,0,0,0,0,0,0,0,0,0,0,0,0,0,0,0,0,0,0,0,0,0,0,31,0,35,0,0,0,0,0,14,0,0,0,0,0,0,11,0,0,0,0,0,0,0,0,0,0,0,0,0,0,0,0,0,0,0,0,0,0,0,0,0,0,0,0,0,0,0,0,0,0,0,0,0,0,0,2,0,0,0,0,0,0,0,0,0,0,0,22,0,0,0,0,0,0,0,0,0,0,0,0,0,0,0,0,0,0,0,0,0,0,0,0,0,0,0,0,0,0,0,0,0,0,1,0,0,0,0,0,0,0,0,0,0,0,0,0,0,0,0,0,1,0,0,0,0,0,0,0,0,0,1,0,0,0,0,0,1,0,0,0,0,0,0,0,0,0,0,0,0,0,0,0,0,0,0,0,0,0,0,0,0,0,0,0,0,0,0,0,0,0,0,0,0,0,0,0,0,0,1,0,0,0,0,0,0,0,0,0,0,0,0,0,0,0,0,0,0,0,0,0,0,0,0,1,2,2,0,0,0,2,0,0,0,0,0,0,0,0,0,0,0,0,0,0,0,0,0,0,1,0,0,0,0,0,0,0,0,0,0,0,0,0,0,0,0,0,0,0,0,0,0,0,0,0,0,0,0,0,0,0,0,0,0,0,0,0,16,0,0
"36",2020-02-26,1,0,1,0,0,0,0,0,0,9,4,0,5,2,0,4,0,1,0,0,15,0,0,0,1,0,0,0,0,0,0,0,0,0,1,0,0,7,0,0,0,0,0,4,0,0,0,0,0,0,991,403,580,294,91,1350,254,146,169,312,485,1275,85,65429,1017,76,631,933,93,121,10,71,18,246,814,336,133,535,137,1,76,175,1213,0,0,0,0,0,1,741,0,0,0,0,0,0,0,0,0,1,0,0,0,0,0,0,1,13,0,0,0,0,0,0,0,0,0,0,0,17,0,0,0,0,0,0,0,0,0,0,3,0,93,1,0,1,322,0,185,0,0,0,1067,0,7,0,0,1,0,0,0,0,0,22,0,0,0,0,0,0,0,0,0,0,0,0,1,0,0,0,0,0,0,0,0,0,0,2,0,0,0,0,0,3,0,0,0,0,2,0,0,0,0,0,0,0,0,92,0,0,0,0,4,1,0,0,1,0,0,0,0,0,0,0,0,0,0,0,0,0,1,0,0,0,0,0,0,0,0,0,0,0,0,0,0,32,0,36,0,0,0,0,0,14,0,0,0,0,0,0,13,0,0,0,0,0,0,0,0,0,0,0,0,0,0,0,0,0,0,0,0,0,0,0,0,0,0,0,0,0,0,0,0,0,0,0,0,0,0,0,2,0,0,0,0,0,0,0,0,0,0,0,36,0,0,0,0,0,0,0,0,0,0,0,0,0,0,0,0,0,0,0,0,0,0,0,0,0,0,0,0,0,0,0,0,0,0,1,0,0,0,0,0,0,0,0,0,0,0,0,0,0,0,0,0,1,0,0,0,0,0,0,0,0,0,1,0,0,0,0,0,1,0,0,0,0,0,0,0,0,0,0,0,0,0,0,0,0,0,0,0,0,0,0,0,0,0,0,0,0,0,0,0,0,0,0,0,0,0,0,0,0,0,1,0,0,0,0,0,0,0,0,0,0,0,0,0,0,0,0,0,0,0,0,0,0,0,0,1,2,2,0,0,0,2,0,0,0,0,0,0,0,0,0,0,0,0,0,0,0,0,0,0,1,0,0,0,0,0,0,0,0,0,0,0,0,0,0,0,0,0,0,0,0,0,0,0,0,0,0,0,0,0,0,0,0,0,0,0,0,0,16,0,0
"37",2020-02-27,1,0,1,0,0,0,0,0,0,9,4,0,5,2,0,4,0,2,0,0,29,0,0,0,1,0,0,0,0,1,0,0,0,0,1,0,0,7,0,0,0,0,0,4,0,0,0,0,0,0,989,402,580,294,91,1350,254,146,168,312,483,1273,92,65568,1017,75,630,933,94,121,10,71,18,246,806,337,133,534,136,1,76,174,1212,0,0,0,0,0,2,738,0,0,0,0,0,0,0,0,0,1,0,0,0,0,0,0,2,16,0,0,0,0,0,0,0,0,0,0,1,23,0,1,0,0,0,0,0,0,0,0,3,0,137,4,0,2,460,0,203,0,0,0,1349,0,20,0,0,2,0,0,0,0,0,22,0,0,0,0,0,0,0,0,0,0,0,0,1,0,0,0,0,0,0,0,0,1,1,4,1,0,0,0,0,3,0,0,0,1,2,0,0,0,0,0,0,0,0,94,0,0,0,0,10,1,0,0,2,0,0,0,0,0,0,0,0,0,0,0,0,0,1,0,0,0,0,0,0,0,0,0,0,0,0,0,0,33,0,39,0,0,0,0,0,14,0,0,0,0,0,0,14,0,0,0,0,0,0,0,0,0,0,0,0,0,0,0,0,0,0,0,0,0,0,0,0,0,0,0,0,0,0,0,0,0,0,0,0,0,0,0,2,0,0,0,0,0,0,0,0,0,0,0,47,0,0,0,0,0,0,0,0,0,0,0,0,0,0,0,0,0,0,0,0,0,0,0,0,0,0,0,0,0,0,0,0,0,0,1,0,0,0,0,0,0,0,0,0,0,0,0,0,0,0,0,0,1,0,0,0,0,0,0,0,0,0,1,0,0,0,0,0,1,0,0,0,0,0,0,0,0,0,0,0,0,0,0,0,0,0,0,0,0,0,0,0,0,0,0,0,0,0,0,0,0,0,0,0,0,0,0,0,0,0,1,0,0,0,0,0,0,0,0,0,0,0,0,0,0,0,0,0,0,0,0,0,0,0,0,1,2,2,0,0,0,2,0,0,0,0,0,0,0,0,0,0,0,0,0,0,0,0,0,0,1,0,0,0,0,0,0,0,0,0,0,0,0,0,0,0,0,0,0,0,0,0,0,0,0,0,0,0,0,0,0,0,0,0,0,0,0,0,16,0,0
"38",2020-02-28,1,0,1,0,0,0,0,0,0,9,4,0,5,2,0,4,0,3,0,0,38,0,0,0,1,0,0,0,0,1,0,0,0,0,1,0,0,7,0,0,0,0,0,6,0,0,0,0,0,0,989,408,579,295,91,1350,254,146,168,316,481,1273,96,65837,1017,75,630,933,94,121,10,71,18,245,794,337,133,536,137,1,76,174,1210,0,0,0,0,0,3,731,0,0,0,1,0,0,0,0,0,1,0,0,1,0,0,0,2,31,0,0,0,0,0,0,0,0,0,0,1,39,0,2,0,0,0,0,0,0,0,0,3,0,226,7,0,3,657,0,225,0,0,0,1797,0,39,0,0,2,0,0,0,0,0,23,0,0,0,0,0,0,0,0,0,0,0,0,1,0,0,1,0,0,0,0,0,1,1,5,2,0,0,0,0,3,0,0,0,1,2,0,0,0,1,0,0,0,0,95,0,0,0,0,15,1,0,0,5,0,0,0,0,0,0,0,0,0,0,0,0,0,6,0,0,0,0,0,0,0,0,0,0,0,0,0,0,34,0,40,0,0,0,0,0,14,0,0,0,0,0,0,15,0,0,0,0,0,0,0,0,0,0,0,0,0,0,0,0,0,0,0,0,0,0,0,0,0,0,0,0,0,0,0,0,0,0,0,0,0,0,0,2,0,0,0,0,0,0,0,0,0,0,0,52,0,0,0,0,0,0,0,0,0,0,0,0,0,0,0,0,0,0,0,0,0,0,0,0,0,0,0,0,0,0,0,0,0,0,1,0,0,0,0,0,0,0,0,0,0,0,0,0,0,0,0,0,1,0,0,0,0,0,0,0,0,0,1,0,0,0,0,0,1,0,0,0,0,0,0,0,0,0,0,0,0,0,0,0,0,0,0,0,0,0,0,0,0,0,0,0,0,0,0,0,0,0,0,0,0,0,0,0,0,0,1,0,0,0,0,0,0,0,0,0,0,0,0,0,0,0,0,0,0,0,0,0,0,0,0,2,2,2,0,0,0,2,0,0,0,0,0,0,0,0,0,0,0,0,0,0,0,0,0,0,1,0,0,0,0,0,0,0,0,0,0,0,0,0,0,0,0,0,0,0,0,0,0,0,0,0,0,0,0,0,0,0,0,0,0,0,0,0,16,0,0
"39",2020-02-29,1,0,1,0,0,0,0,0,0,9,4,0,5,2,0,4,0,4,0,0,43,0,0,1,1,0,0,0,0,1,0,0,0,0,1,0,0,7,0,0,0,0,0,6,0,1,0,0,0,0,989,411,578,296,91,1350,253,146,168,318,480,1272,99,66141,1017,75,630,933,94,121,10,72,18,245,783,337,133,539,137,1,76,174,1208,0,0,0,0,0,5,724,0,0,0,1,0,0,0,0,0,1,0,0,1,0,0,0,2,51,0,0,0,0,0,0,0,0,0,0,1,50,0,4,0,0,0,0,0,0,0,1,3,0,364,8,0,4,905,0,244,0,0,0,2383,0,50,0,0,2,0,0,1,0,0,23,0,0,0,0,0,1,0,0,0,0,0,0,1,0,0,1,0,1,0,0,1,1,4,5,2,0,0,0,0,3,0,0,0,2,2,0,0,0,1,0,0,0,0,95,0,0,0,0,28,1,0,0,7,0,0,0,0,0,0,0,0,0,0,0,0,0,8,0,0,0,0,0,0,0,0,0,0,0,0,0,0,35,0,42,0,0,0,0,0,17,0,0,0,0,0,0,19,0,0,0,0,0,0,0,0,0,0,0,0,0,0,0,0,0,0,0,0,0,0,0,0,0,0,0,0,0,0,0,0,0,0,0,0,0,0,0,2,0,0,0,0,0,0,0,0,0,0,0,55,0,0,0,0,0,0,0,0,0,0,0,0,0,0,0,0,0,0,0,0,0,0,0,0,0,0,0,0,0,0,0,0,0,0,1,0,0,0,0,0,0,0,0,0,0,0,0,0,0,0,0,0,1,0,0,0,0,0,0,0,0,0,1,0,0,0,0,0,1,0,0,0,0,0,0,0,0,0,0,0,0,0,0,0,0,0,0,0,0,0,0,0,0,0,0,0,0,0,0,0,0,0,0,0,0,0,0,0,0,0,1,0,0,0,0,0,0,0,0,0,0,0,0,0,0,0,0,0,0,0,0,0,0,0,0,2,2,2,0,0,0,2,0,0,0,0,0,0,0,0,0,0,0,0,0,0,0,0,0,0,1,0,0,0,0,0,0,0,0,0,0,0,0,0,0,0,0,0,0,0,0,0,0,0,0,0,0,0,0,0,0,0,0,0,0,0,0,0,16,0,0
"40",2020-03-01,1,0,1,0,0,0,0,0,0,4,4,0,7,3,0,6,1,7,0,0,48,0,0,1,1,0,0,0,0,2,0,0,0,0,1,0,0,8,0,0,0,0,0,10,0,1,0,0,0,0,989,413,577,296,91,1350,253,146,168,319,480,1272,101,66529,1018,75,630,934,93,121,10,73,18,245,772,337,133,540,137,1,76,174,1207,0,0,0,0,0,6,717,0,0,0,2,0,0,0,0,0,1,0,0,1,0,0,0,3,89,0,0,0,0,0,0,0,0,0,0,1,74,0,5,0,0,0,0,0,0,0,1,3,0,568,12,1,6,1182,0,260,0,0,0,3188,0,56,0,0,4,0,0,1,1,0,24,0,0,0,0,0,3,0,1,0,0,0,0,1,0,0,4,0,1,0,0,1,1,12,6,4,0,0,0,0,3,0,0,1,3,2,0,0,0,1,0,0,0,0,100,0,0,0,0,44,1,0,0,11,0,0,0,0,0,0,0,0,0,0,0,0,0,16,0,0,0,0,0,0,0,0,0,0,0,0,0,0,39,0,43,0,0,0,0,0,21,0,0,0,0,0,0,23,0,0,0,0,0,0,0,0,0,0,0,0,0,0,0,0,0,0,0,0,0,0,0,0,0,0,0,0,0,0,0,0,0,0,0,0,0,0,0,2,0,0,0,0,0,0,0,0,0,0,0,54,0,0,0,0,0,0,0,0,0,0,0,0,0,0,0,0,0,0,0,0,0,0,0,0,0,0,0,0,0,0,0,0,0,0,1,0,0,0,0,0,0,0,0,0,0,0,0,0,0,0,0,0,4,0,0,0,0,0,0,0,0,0,1,0,0,0,0,0,1,0,0,0,0,0,0,0,0,0,0,0,0,0,0,0,0,0,0,0,0,0,0,0,0,0,0,0,0,0,0,0,0,0,0,0,0,0,0,0,0,0,1,0,0,0,0,0,0,0,0,0,0,0,0,0,0,0,0,0,0,0,0,0,0,0,0,2,2,2,0,0,0,3,0,0,0,0,0,0,1,0,0,0,0,0,0,0,0,0,0,0,1,0,0,0,0,0,0,0,0,0,0,0,0,0,0,0,0,0,0,0,0,1,0,0,0,0,0,0,0,0,0,0,0,0,0,0,0,0,16,0,0
"41",2020-03-02,1,0,1,0,0,0,0,1,0,1,5,0,9,3,0,7,2,13,2,0,54,0,0,1,2,0,0,0,0,2,0,0,0,0,1,0,0,8,0,0,0,0,0,14,0,1,0,0,0,0,990,415,576,297,91,1350,253,146,168,320,479,1272,101,67059,1018,75,630,934,93,122,10,73,18,245,766,337,133,541,136,1,76,174,1206,0,0,0,0,0,8,712,0,0,2,4,0,0,0,1,4,2,0,0,1,0,0,0,5,130,0,0,0,0,0,0,0,0,0,0,3,119,0,7,0,0,0,0,0,0,0,2,3,0,917,19,1,10,1670,0,275,0,0,0,3971,0,57,0,0,8,0,0,1,1,0,28,0,0,0,0,0,5,0,1,0,0,0,0,1,0,0,9,0,1,0,0,1,1,19,7,5,0,0,0,0,3,0,0,2,4,2,0,0,0,1,0,0,0,0,106,0,0,0,0,76,1,0,0,15,0,0,0,0,0,0,0,0,0,0,0,0,0,26,0,0,0,0,0,0,0,0,0,0,0,0,0,0,41,0,44,0,0,0,0,0,23,0,0,0,0,0,0,33,0,0,0,0,0,0,0,0,0,0,0,0,0,0,0,0,0,0,0,0,0,0,0,0,0,0,0,0,0,0,0,0,0,0,0,0,0,0,0,3,0,0,0,0,0,0,0,0,0,0,0,53,0,0,0,0,0,0,0,0,0,0,0,0,0,0,0,0,0,0,0,0,0,0,0,0,0,0,0,0,0,0,0,0,0,0,1,0,0,0,0,0,0,0,0,0,0,0,0,0,0,0,0,0,8,0,0,0,0,0,0,0,0,0,1,0,0,0,0,0,1,0,0,0,0,0,0,0,0,0,0,0,0,0,0,0,0,0,0,0,0,0,0,0,0,0,0,0,0,0,0,0,0,0,0,0,0,0,0,0,0,0,1,0,0,0,0,0,0,0,0,0,0,0,0,0,0,0,0,0,1,0,0,0,0,0,0,2,2,2,0,0,0,3,0,0,0,0,0,0,2,0,0,0,0,0,0,0,0,0,0,0,1,0,0,0,0,0,0,0,0,0,0,0,0,0,0,0,0,0,0,0,0,1,0,0,0,0,0,0,0,0,0,0,0,0,0,0,0,0,16,0,0
"42",2020-03-03,1,0,2,1,0,0,0,1,0,-1,6,0,10,3,1,9,2,18,3,0,57,0,0,1,6,0,0,0,0,2,0,0,0,0,1,0,0,8,0,0,0,0,0,19,0,1,0,0,0,0,990,417,576,297,91,1351,252,146,168,320,479,1272,103,67438,1019,75,630,935,93,122,10,74,18,245,761,337,133,540,136,1,76,174,1206,0,0,0,0,0,8,708,0,0,3,5,0,0,0,1,6,2,0,0,1,0,0,0,6,189,0,0,0,0,0,0,0,0,0,0,3,163,0,8,0,0,0,0,0,0,0,5,4,1,1434,26,1,11,2144,0,291,0,0,0,4722,0,63,0,1,13,0,0,1,1,0,30,0,0,0,0,0,6,0,1,0,0,1,0,1,0,0,16,0,1,0,0,1,1,26,7,5,0,0,0,0,3,0,1,3,4,3,0,0,0,6,1,1,0,0,110,0,0,0,0,117,1,0,0,17,0,0,0,0,0,0,0,0,0,0,0,0,0,40,0,0,0,0,0,0,0,0,0,0,0,0,0,0,43,0,44,0,0,0,0,0,23,0,0,0,0,0,0,42,0,0,0,0,0,0,0,0,0,0,0,0,0,0,0,0,0,0,0,0,0,0,0,0,0,0,0,0,0,0,0,0,0,0,0,0,0,0,0,4,0,0,0,0,0,0,0,0,0,0,0,51,0,0,0,0,0,0,0,0,0,0,0,0,0,0,0,0,0,1,0,0,0,0,0,0,0,0,0,0,0,0,1,0,0,0,1,0,0,0,0,0,0,0,0,0,0,0,0,0,0,0,0,0,13,0,0,0,0,0,0,0,0,0,1,0,0,0,0,0,1,0,0,0,0,0,0,0,0,0,0,0,0,0,0,0,0,0,0,0,0,0,0,0,0,0,0,0,0,0,0,1,0,0,0,0,0,0,0,0,0,0,1,0,0,0,0,0,0,0,0,0,0,0,0,1,0,0,0,0,2,0,0,0,0,0,0,2,2,2,0,0,1,7,0,0,0,0,0,0,3,0,0,1,0,0,0,0,0,0,0,0,1,0,0,0,0,0,0,0,0,0,0,1,0,0,0,0,0,0,0,0,0,2,0,0,0,0,0,0,0,0,0,0,0,0,0,0,0,0,16,0,0
"43",2020-03-04,1,0,4,1,0,0,1,1,0,-2,11,0,11,3,1,10,3,23,4,0,57,0,0,1,11,0,0,0,0,2,0,0,0,0,1,0,0,9,0,0,0,0,0,22,0,1,0,0,0,1,990,417,576,297,91,1351,252,146,168,320,479,1272,104,67660,1019,75,631,935,93,124,10,74,18,245,758,338,133,540,136,1,76,174,1210,0,0,0,0,0,10,706,0,0,5,6,0,0,0,1,8,2,0,0,2,0,0,0,7,228,0,0,0,0,0,0,0,0,0,0,4,208,0,9,0,0,0,0,0,0,0,10,5,2,2233,34,2,13,2667,0,309,1,0,0,5588,0,65,0,1,15,0,0,1,1,0,35,0,0,0,0,0,6,0,1,0,0,1,0,1,0,0,24,0,1,0,0,1,1,34,11,6,0,0,0,0,3,0,2,6,4,3,0,0,0,9,1,2,0,0,113,0,0,0,0,166,1,0,0,22,0,0,0,0,0,0,0,0,0,0,0,0,0,57,0,0,0,0,0,0,0,0,0,0,0,0,0,0,44,0,44,0,0,0,0,1,27,0,0,0,0,0,0,52,0,0,0,1,0,0,0,0,0,0,0,0,0,0,0,0,0,0,0,0,0,0,0,0,0,0,0,0,0,0,0,0,0,0,0,0,0,0,0,4,0,0,0,0,0,0,0,0,0,0,0,49,0,0,0,0,0,0,0,0,0,0,0,0,0,0,0,1,0,2,0,0,0,0,0,0,0,0,0,0,0,0,2,0,0,0,1,0,0,0,0,0,0,0,0,0,0,0,0,0,0,0,0,0,20,0,0,0,0,0,0,0,0,0,1,0,0,0,0,0,1,0,0,0,0,0,0,0,0,0,0,0,0,0,0,0,0,0,0,0,0,0,0,0,0,0,0,0,0,0,0,1,0,1,0,0,0,0,0,0,0,0,1,0,0,0,0,0,0,0,0,0,0,0,0,1,0,0,0,0,2,0,0,0,0,0,0,2,2,2,0,0,2,11,0,0,0,0,0,0,6,0,0,1,0,0,0,0,0,0,0,0,1,0,0,0,0,0,0,0,0,0,0,1,0,0,0,0,0,0,0,1,0,2,0,0,0,0,0,0,1,0,0,0,0,0,0,0,0,0,16,0,0
"44",2020-03-05,1,0,10,1,0,0,1,1,0,-2,19,1,12,5,1,11,3,30,4,0,58,0,0,4,21,0,0,0,0,4,0,0,0,0,1,0,0,11,0,0,0,0,0,24,0,1,0,0,0,1,990,419,576,296,91,1351,252,146,168,319,480,1272,107,67784,1018,75,631,935,93,125,10,75,18,245,757,338,133,539,136,1,76,174,1213,0,0,0,0,0,11,705,0,0,8,9,1,0,0,1,11,2,0,0,2,0,0,0,7,296,0,0,0,0,0,0,2,0,0,0,4,271,0,10,0,0,0,0,0,0,1,22,20,2,3034,40,5,16,3282,0,339,1,0,0,6257,0,65,0,1,16,0,1,1,1,0,47,0,0,0,0,0,6,0,1,0,0,1,0,1,0,0,37,0,2,0,0,1,1,53,15,6,0,0,0,0,3,1,4,8,4,3,0,0,0,15,1,3,0,0,114,0,0,0,0,228,1,0,0,33,0,0,0,0,0,0,0,0,0,0,0,0,0,87,0,0,0,0,0,0,0,0,0,0,0,0,0,0,45,0,44,0,0,1,0,1,29,0,0,0,1,0,0,79,0,0,0,1,0,0,0,0,0,0,0,0,0,0,0,0,0,0,0,0,0,0,0,0,0,0,0,0,0,0,0,0,0,0,0,0,0,0,1,4,0,0,0,0,0,0,0,0,0,0,0,48,0,0,0,0,0,0,0,0,0,0,0,0,0,0,0,2,0,2,0,0,0,0,0,0,0,0,0,0,0,0,2,0,0,0,1,0,0,0,0,0,0,0,0,0,0,0,0,0,0,0,0,0,30,0,0,0,0,0,0,0,0,0,5,0,0,0,0,0,1,0,0,0,0,0,0,0,0,0,0,0,0,0,0,0,0,0,0,0,0,0,0,0,0,0,0,0,0,0,0,1,0,1,0,0,0,0,0,0,0,0,2,0,0,0,0,0,0,0,0,0,0,0,0,2,0,0,0,0,2,0,0,0,0,0,0,2,2,2,0,0,2,13,0,0,0,0,0,0,8,0,0,1,0,0,0,0,0,0,0,0,1,0,0,0,0,0,0,0,0,0,0,1,0,0,0,0,0,0,0,1,0,2,0,0,0,0,0,0,7,0,0,0,0,0,0,0,0,0,16,0,0
"45",2020-03-06,1,0,13,1,0,0,1,1,0,-2,24,1,14,5,1,11,3,41,6,0,59,0,0,6,43,0,0,0,1,4,0,0,0,0,1,0,0,13,0,0,0,0,0,25,0,2,0,0,0,3,990,420,576,296,98,1351,252,146,168,319,480,1272,108,67865,1018,75,631,935,93,126,10,76,18,245,756,339,133,540,136,1,76,174,1216,0,0,0,0,0,11,705,0,0,12,11,1,0,0,1,14,3,0,0,3,0,0,0,11,387,0,0,0,0,0,0,3,0,0,0,4,439,0,24,0,0,0,0,0,0,2,34,30,3,3807,42,6,20,4054,0,372,1,0,0,6806,0,64,0,1,18,0,1,1,1,0,53,0,0,0,0,0,6,0,1,0,0,2,0,1,0,0,71,0,3,0,0,1,1,83,18,6,0,0,0,0,3,1,7,10,6,4,0,0,0,22,4,4,0,0,119,0,1,0,1,282,1,0,0,75,0,0,0,0,0,0,0,0,0,0,0,0,0,118,0,0,0,0,0,0,0,0,0,0,0,0,0,0,46,0,46,0,0,1,0,1,31,0,0,0,1,0,0,113,0,0,0,1,0,0,0,0,0,0,0,0,1,0,0,0,0,0,0,0,0,0,0,0,0,0,0,0,0,0,0,1,0,0,0,0,0,0,1,5,0,0,0,0,0,0,0,0,0,0,0,47,0,0,0,0,0,0,0,0,0,0,0,0,0,1,0,2,0,2,0,1,0,0,0,0,0,0,1,0,0,0,2,0,0,0,1,0,0,0,0,0,0,0,0,0,0,0,0,0,0,0,0,0,48,0,0,0,0,0,0,0,0,0,9,0,0,0,0,0,1,0,0,0,0,0,0,0,0,0,0,0,0,0,0,0,0,0,0,0,0,0,1,0,0,0,0,0,0,0,0,3,0,1,0,0,0,0,0,0,0,0,3,0,0,0,0,0,0,0,0,0,0,0,0,2,0,0,0,0,3,0,0,0,0,0,0,2,2,3,1,0,2,19,0,1,0,0,0,0,16,0,0,1,0,0,0,0,0,0,0,0,1,0,0,0,0,0,0,0,0,0,0,1,0,0,0,0,0,0,0,1,0,3,0,0,0,0,0,0,15,0,1,0,0,0,0,0,0,0,16,0,0
"46",2020-03-07,1,0,18,1,0,0,2,1,0,-1,29,1,14,7,1,11,3,56,7,0,63,0,0,7,92,0,1,0,2,10,0,0,0,0,1,1,1,19,0,0,0,0,0,27,0,2,0,0,0,4,990,423,576,296,112,1352,252,146,168,318,481,1272,109,67927,1018,75,631,935,93,126,10,76,18,245,756,341,133,540,136,1,76,174,1217,1,0,0,1,0,12,699,0,0,18,20,1,0,0,2,15,11,0,0,8,0,0,0,15,604,0,0,0,0,0,0,4,0,0,0,5,650,0,41,0,0,0,0,1,0,2,45,36,4,4935,45,15,33,4915,0,425,1,0,0,7303,0,63,0,1,22,0,1,1,2,0,77,0,0,0,0,0,7,0,1,0,0,2,0,1,0,0,119,0,4,0,0,1,2,112,19,6,0,0,0,1,4,4,12,10,8,10,0,0,0,25,5,5,1,0,129,1,5,0,1,395,1,0,0,105,6,0,1,12,6,10,128,4,10,0,8,1,1,195,5,0,0,1,0,1,4,1,23,0,14,2,3,15,47,0,48,1,0,1,0,1,32,0,0,0,1,0,0,160,0,0,0,1,0,0,0,0,0,0,0,0,2,0,0,0,0,0,0,0,0,0,0,0,0,0,0,0,0,1,0,1,0,0,0,0,0,0,2,6,0,0,0,0,0,0,0,0,1,1,0,46,0,0,1,0,0,0,0,0,0,1,0,0,0,1,0,3,0,3,0,1,0,0,0,0,0,0,3,0,0,0,3,0,0,0,1,0,0,0,0,0,0,0,0,0,0,0,0,0,0,0,0,0,62,0,0,0,0,0,0,0,0,0,13,0,0,0,0,0,2,0,1,0,0,0,0,0,1,0,0,0,0,0,0,0,0,2,0,0,0,0,1,0,0,0,0,0,0,0,0,9,0,2,0,0,0,0,0,0,0,0,3,0,0,0,0,0,0,0,0,0,0,0,0,4,1,0,0,0,3,0,1,0,0,0,0,2,2,3,2,0,3,22,0,1,0,0,0,0,21,0,0,1,0,0,0,0,0,0,0,0,2,0,0,1,0,0,0,0,0,0,0,1,0,0,0,0,0,0,0,1,0,2,0,1,1,0,0,0,21,0,1,0,0,0,1,0,0,0,16,0,0
"47",2020-03-08,1,0,20,1,0,0,6,1,0,-1,32,0,14,8,1,12,3,78,9,0,79,0,0,7,157,0,1,0,3,14,0,0,0,0,1,1,2,22,0,0,0,0,0,30,0,3,0,0,0,5,990,427,576,296,122,1353,252,146,168,318,481,1272,110,67957,1018,75,631,935,93,126,10,76,18,245,756,342,133,539,136,1,76,174,1217,1,0,0,1,0,13,695,0,0,21,25,1,0,0,2,16,15,0,0,11,0,0,0,17,909,3,0,0,0,0,0,4,0,0,0,5,845,0,51,0,0,0,0,1,0,4,56,40,4,6170,55,20,44,6100,0,477,1,0,0,7738,0,64,0,1,25,0,1,1,2,0,96,0,2,1,0,0,7,0,1,0,0,2,0,1,0,0,183,0,5,0,0,1,3,151,19,7,0,0,0,1,6,5,19,10,10,13,0,0,0,27,6,5,1,0,139,1,7,0,1,517,1,0,0,157,12,0,1,23,11,20,241,7,22,0,14,2,3,273,10,0,0,1,0,1,7,1,41,0,27,5,6,26,47,0,51,1,0,1,0,1,42,0,0,0,1,0,0,213,0,0,0,2,0,0,0,0,0,0,0,0,4,0,0,0,0,1,0,0,0,0,0,0,0,0,1,0,0,1,0,1,1,1,0,0,0,0,3,6,0,0,0,0,1,0,0,0,1,2,0,45,0,2,1,0,0,1,0,0,0,1,0,0,0,2,0,3,0,3,13,1,0,0,0,0,0,0,5,0,0,0,3,1,0,0,1,0,0,0,0,0,1,0,1,0,0,0,0,0,0,0,0,1,77,0,0,1,0,0,0,0,1,0,16,0,0,1,0,0,2,0,1,0,0,0,0,0,1,0,0,0,0,0,0,0,0,3,0,0,0,0,3,0,0,0,0,0,0,0,0,12,0,2,0,0,0,0,0,0,0,0,4,0,0,0,0,0,0,0,1,0,0,1,0,6,1,0,0,0,3,0,1,0,0,0,1,2,2,3,7,0,3,31,0,1,1,0,0,0,28,0,0,1,0,0,0,0,0,0,0,0,3,0,0,1,0,0,0,0,0,1,0,1,0,0,0,0,0,0,0,1,0,3,0,1,1,0,0,0,47,0,1,0,0,0,1,0,0,0,17,0,0
"48",2020-03-09,3,0,22,1,0,0,11,1,0,-1,39,0,16,8,2,12,3,105,10,0,89,2,0,7,213,0,1,0,4,20,0,2,0,0,2,2,3,28,0,0,0,0,0,32,0,4,0,0,0,8,990,430,576,296,129,1353,252,146,168,318,481,1272,114,67954,1018,75,631,935,93,126,10,76,18,245,757,343,133,539,136,1,76,174,1217,1,0,0,4,0,13,693,0,0,30,35,2,0,0,4,16,39,0,0,12,0,0,0,23,1186,5,0,0,0,0,0,4,0,0,0,10,1090,0,73,0,0,0,0,1,0,6,60,45,6,7232,64,23,61,7617,0,528,1,0,0,8035,0,66,0,2,32,0,1,1,3,0,110,2,3,2,0,0,7,1,1,0,0,2,0,1,0,0,265,0,6,0,0,1,3,189,19,7,0,0,1,4,9,10,29,14,14,18,0,0,0,36,10,5,1,0,152,2,14,0,3,686,1,0,0,211,16,0,1,33,19,27,347,9,36,0,19,3,6,355,14,0,0,2,0,1,8,1,60,0,41,6,8,37,47,0,52,1,0,2,0,1,47,0,0,0,1,0,0,281,0,0,0,2,0,0,0,0,0,0,0,1,5,1,0,0,0,2,0,0,0,0,0,0,0,0,1,0,0,1,0,2,1,1,0,0,0,0,7,7,0,0,0,1,1,0,0,0,1,2,0,45,0,3,1,1,0,1,0,1,0,1,0,0,0,5,1,3,0,3,21,1,0,0,0,0,0,1,6,0,0,1,2,1,0,1,1,0,0,0,0,0,2,0,1,0,0,0,1,0,0,0,0,1,92,0,1,1,0,0,0,0,2,0,17,0,0,1,0,1,2,0,1,1,0,0,0,0,5,0,0,0,0,0,0,0,0,4,2,0,0,0,5,0,0,0,0,0,0,0,0,14,0,5,0,0,0,0,0,1,0,0,4,0,0,0,0,0,0,0,3,0,0,2,0,6,1,0,0,0,3,0,1,0,1,1,2,2,2,3,10,0,2,40,0,1,2,0,1,0,34,0,0,1,0,0,0,0,0,1,0,0,6,1,0,1,0,0,0,0,0,1,1,1,0,0,0,0,0,0,1,1,0,6,1,2,1,0,0,0,78,0,1,0,0,0,1,0,0,0,25,0,0
"49",2020-03-10,4,1,23,1,0,0,14,1,0,0,49,0,16,8,2,14,4,136,11,0,100,3,0,7,265,0,1,0,4,26,1,4,0,0,2,2,6,34,0,0,0,0,0,35,0,5,0,0,0,9,990,431,576,296,132,1353,252,146,168,318,481,1272,117,67939,1018,75,631,935,93,126,10,75,18,245,757,343,133,539,136,1,76,174,1217,1,0,0,8,0,13,693,0,1,35,74,2,0,0,5,17,56,0,0,12,0,0,0,30,1375,6,0,0,0,0,0,2,1,0,0,15,1297,0,84,0,0,0,0,1,0,9,66,49,15,8064,68,25,70,9495,0,557,1,0,0,8187,0,66,0,5,35,0,1,1,3,0,126,4,4,2,0,0,7,1,1,0,0,2,0,1,0,0,343,0,6,0,0,2,4,225,18,7,0,0,1,7,17,15,35,18,17,20,0,0,0,41,15,5,1,0,158,3,18,0,3,1021,1,0,0,267,18,0,2,40,23,33,426,11,46,0,21,4,6,420,18,0,0,3,0,1,9,2,75,0,55,8,9,43,46,0,52,1,0,2,0,1,50,0,0,0,1,0,0,345,0,0,0,2,0,0,0,0,0,0,0,1,5,1,0,0,0,3,0,0,0,0,0,0,1,0,1,1,0,1,1,2,1,2,0,1,0,0,10,8,0,0,0,1,1,0,0,0,1,3,0,45,0,4,3,1,0,1,0,2,0,1,0,0,0,7,1,5,0,3,25,1,0,0,0,0,0,1,7,1,0,2,2,1,0,1,1,0,0,0,0,0,2,1,1,1,0,2,1,0,0,0,0,1,98,0,1,1,0,0,0,0,2,0,17,0,0,1,0,2,2,0,1,1,0,0,0,0,7,0,0,0,0,0,0,0,0,5,5,0,0,0,13,0,0,0,0,0,0,0,0,19,0,6,0,0,0,0,0,1,0,0,4,0,0,0,0,0,0,0,4,0,0,2,0,7,1,0,0,0,3,0,1,0,1,1,4,2,2,3,11,0,2,44,0,1,2,1,1,0,37,0,0,2,0,0,1,0,0,1,0,0,9,1,0,1,0,0,0,0,0,1,1,1,0,0,0,0,0,0,1,1,0,8,2,2,1,0,0,0,105,0,1,0,0,0,1,0,0,0,30,0,0
"50",2020-03-11,5,7,23,1,0,0,18,1,0,0,59,1,18,8,2,18,6,184,12,0,114,4,0,9,306,0,1,0,5,33,1,5,1,0,2,2,8,36,0,0,0,0,0,38,0,5,0,0,0,13,990,432,576,296,133,1353,252,146,168,318,481,1272,121,67912,1018,75,631,935,93,125,10,75,18,245,757,344,133,539,136,1,76,174,1216,3,0,0,10,0,14,693,0,3,43,203,2,0,0,6,17,68,0,0,14,0,0,0,40,1806,6,0,0,0,0,0,2,2,0,0,17,1562,0,98,0,0,0,0,1,0,11,75,58,25,8916,75,33,87,11046,0,608,1,0,0,8185,0,69,0,8,42,0,1,1,5,0,141,6,5,3,0,0,8,2,1,1,0,3,0,1,0,0,419,0,6,0,0,2,6,362,19,13,1,0,1,11,30,22,44,24,24,23,0,0,0,52,20,5,4,0,167,6,29,0,6,1589,1,0,0,359,19,0,2,45,26,42,533,13,58,0,22,4,7,519,27,0,0,6,0,1,9,3,97,0,78,13,9,51,47,0,54,1,0,4,0,1,69,0,0,1,1,0,0,414,0,0,0,1,0,0,0,4,0,0,0,1,3,1,0,0,0,2,0,0,0,89,0,0,0,0,1,0,0,1,0,1,1,1,0,0,9,1,5,4,0,0,0,1,1,0,0,0,1,1,0,45,3,2,1,1,0,1,0,1,0,1,0,9,0,4,1,2,10,2,27,1,0,0,0,0,0,1,4,1,1,1,1,1,0,1,0,0,7,4,5,0,1,0,1,0,0,1,1,0,0,1,4,1,48,0,1,1,0,0,0,0,1,0,8,0,1,1,0,1,1,0,1,1,5,57,0,0,4,0,0,2,0,1,0,0,0,3,3,0,0,0,8,0,2,2,0,2,9,0,107,10,0,4,0,4,0,0,2,1,1,0,2,9,0,0,0,0,7,0,2,0,0,1,0,4,1,0,0,0,2,0,1,2,1,1,2,1,1,1,6,0,1,22,0,1,1,0,1,0,18,0,0,1,4,0,0,0,0,1,0,0,5,1,0,1,0,0,4,8,0,1,1,0,0,1,0,1,0,4,1,1,165,4,1,1,1,0,0,0,58,0,1,2,0,0,1,0,0,0,34,0,0
"51",2020-03-12,7,12,23,1,0,0,21,1,0,0,69,1,20,9,3,21,8,248,12,0,173,4,0,10,351,0,1,1,7,41,7,7,2,0,3,3,16,42,0,0,1,0,0,43,0,7,0,0,0,21,990,436,576,296,134,1355,252,146,168,318,482,1273,127,67884,1018,75,631,935,93,125,10,75,18,245,759,345,133,539,136,1,76,174,1216,7,0,1,14,1,18,693,0,5,78,392,2,0,0,6,18,74,0,0,16,0,0,0,57,2338,6,0,0,0,0,1,1,2,0,0,24,1965,0,111,0,0,0,0,1,1,14,88,66,35,9830,79,44,111,13164,1,668,1,0,0,8234,0,73,0,10,58,0,1,2,7,0,160,8,6,3,0,0,8,3,1,1,0,4,0,1,0,0,528,0,6,0,0,2,7,562,19,18,5,0,4,13,47,31,59,174,40,24,0,0,0,64,24,4,10,0,181,10,51,0,11,2266,2,0,0,497,20,0,2,49,28,52,674,17,79,1,25,5,8,667,31,2,0,10,1,2,9,4,132,0,109,19,9,60,48,0,58,1,0,7,1,1,79,0,0,2,1,0,0,491,0,0,0,0,0,0,0,8,1,0,0,0,1,0,0,0,0,1,0,0,0,164,0,0,0,0,0,0,0,0,0,0,0,1,0,0,27,3,2,1,0,0,0,0,0,0,0,1,0,0,0,46,8,1,1,0,0,0,0,1,0,0,0,23,0,2,0,1,21,0,27,0,0,0,0,0,0,0,1,0,2,0,0,0,0,0,0,0,20,9,11,0,1,0,0,0,0,1,0,0,0,1,7,0,14,0,0,0,0,0,0,0,1,0,2,0,4,0,0,0,0,0,0,0,9,94,0,1,2,0,0,4,0,1,0,0,1,1,1,0,0,0,4,0,4,6,0,5,20,2,202,4,0,1,0,7,0,0,4,0,2,0,0,17,0,0,0,0,14,0,1,0,0,1,0,1,0,0,0,0,0,0,0,4,0,0,1,0,0,0,2,0,0,7,0,0,1,0,0,0,6,0,0,0,9,5,0,0,0,0,0,0,2,0,0,0,0,0,8,18,0,0,0,0,0,3,0,1,0,8,0,0,328,2,1,1,0,0,0,0,24,0,0,5,0,0,0,0,0,0,39,0,0
"52",2020-03-13,8,21,25,1,0,0,23,3,0,0,74,1,21,10,3,23,10,316,12,0,208,4,0,12,369,0,1,2,10,53,11,8,2,0,3,2,21,48,0,0,1,0,0,45,0,9,0,0,0,26,990,438,576,296,133,1356,252,146,168,318,482,1273,132,67857,1018,75,631,935,93,125,10,75,18,245,760,345,133,539,136,1,76,174,1216,10,0,1,21,1,20,694,2,7,100,606,2,0,0,6,18,79,0,0,18,0,0,0,67,2612,6,0,0,0,0,1,1,3,0,0,27,2276,0,116,0,0,1,0,1,2,15,106,77,40,10856,80,49,138,14184,2,695,1,0,0,8260,0,79,0,12,67,0,1,3,15,0,168,10,7,3,0,0,11,4,2,1,0,6,0,1,0,0,583,0,6,0,0,2,8,738,19,22,10,0,5,16,58,47,67,266,52,28,0,0,0,75,40,4,17,0,189,15,84,0,17,2627,2,0,0,632,23,0,2,56,32,76,876,25,89,2,30,7,9,743,37,4,0,14,1,6,10,5,175,0,155,24,8,87,49,0,68,1,0,8,1,1,91,0,0,2,1,0,0,527,0,0,0,0,0,0,0,10,4,0,0,0,0,0,0,0,0,0,0,0,0,234,0,0,0,0,0,0,0,0,0,0,0,0,0,0,44,5,0,-1,0,0,0,0,0,0,0,1,0,0,0,46,11,0,0,0,0,0,0,0,0,0,0,35,0,0,0,0,31,0,26,0,0,0,0,0,0,0,0,0,2,0,0,0,0,0,0,0,32,13,16,0,0,0,0,0,0,0,0,0,0,1,10,0,-6,0,0,0,0,0,0,0,0,0,-1,0,14,0,0,0,0,0,0,0,12,122,0,2,0,0,0,8,1,1,0,0,1,0,0,0,0,0,1,0,9,12,0,6,30,4,322,0,0,0,0,13,1,0,5,0,2,0,0,25,0,0,0,0,22,0,0,0,0,0,0,0,0,0,0,0,0,0,0,6,0,0,0,0,0,0,0,0,0,-2,0,0,0,0,0,0,-2,0,0,0,13,8,0,0,0,0,0,0,0,0,0,0,0,0,16,27,0,0,0,0,0,5,0,2,0,15,0,0,468,0,0,0,0,0,0,0,3,0,0,8,0,1,0,0,0,0,43,0,0
"53",2020-03-14,8,32,27,1,0,1,30,6,1,0,92,1,31,14,5,33,14,475,15,0,221,4,0,22,522,0,1,3,14,120,29,18,2,0,5,2,29,63,1,2,1,0,0,66,0,15,1,0,0,40,990,439,576,296,132,1357,252,146,168,318,482,1273,137,67835,1018,75,631,935,93,125,10,75,18,245,760,346,133,539,136,1,76,174,1215,13,0,2,26,1,29,695,4,12,140,835,3,0,0,6,18,88,0,0,57,0,1,0,130,3559,6,2,1,0,0,4,1,3,0,0,29,3397,0,172,0,1,1,0,1,2,19,134,87,64,12080,97,80,169,17678,6,739,1,2,1,8283,0,83,0,17,81,0,1,5,30,0,199,11,11,4,0,0,13,6,2,1,0,7,0,1,1,0,785,0,5,0,0,2,13,1007,19,28,23,0,7,26,71,68,103,351,83,42,0,0,0,86,75,8,32,0,204,28,134,0,24,4589,5,1,0,831,28,0,4,65,41,109,1146,32,98,4,39,8,12,1071,41,5,4,19,1,8,11,6,226,1,220,31,8,122,51,0,76,1,0,14,4,2,96,0,1,2,1,0,0,746,0,3,0,0,1,0,0,11,6,0,0,0,-1,0,0,0,0,0,0,0,0,306,0,0,0,0,0,0,0,0,0,0,0,0,0,0,56,9,-1,-1,0,0,0,0,0,0,0,3,0,0,0,46,12,0,0,0,0,0,0,0,0,0,0,51,0,-1,0,-1,44,-1,25,0,0,0,0,0,0,0,-1,0,3,0,-1,0,0,0,0,1,47,16,20,0,0,0,0,0,0,0,0,0,0,4,15,0,-15,0,0,0,0,0,0,0,0,0,-3,0,31,0,1,0,0,0,0,0,18,144,0,11,0,0,0,13,1,2,0,0,1,-1,0,0,0,0,-1,0,13,18,0,7,35,9,444,-2,0,-1,0,18,1,0,11,0,3,0,-1,33,0,0,0,0,38,0,0,0,0,0,0,-1,0,0,0,0,-1,0,0,12,0,0,0,-1,-1,-1,-1,0,-1,-6,0,0,0,0,0,0,-5,0,0,0,15,10,0,0,0,0,0,0,-1,0,0,0,0,0,25,42,0,0,0,0,0,8,0,2,0,27,0,0,615,-1,0,0,0,0,0,0,-9,0,0,16,0,1,0,0,0,0,49,0,0
"54",2020-03-15,11,42,35,1,0,1,36,15,1,0,114,1,44,19,5,47,18,657,16,0,236,4,0,29,689,0,1,8,18,161,42,36,3,0,7,2,34,70,2,4,1,0,0,81,0,19,2,0,0,59,990,440,576,296,132,1357,252,146,168,318,482,1273,143,67818,1018,75,631,935,93,125,10,75,18,245,761,351,133,539,136,1,76,174,1222,21,0,2,30,1,38,695,5,23,191,968,7,0,0,9,25,109,0,0,104,1,1,0,210,4576,6,3,1,0,0,6,1,2,1,0,33,4594,2,228,1,1,1,0,1,3,28,163,105,94,13466,113,122,204,21687,8,802,1,5,1,8317,0,99,0,25,97,0,3,8,48,0,241,11,17,7,1,0,22,10,2,1,0,14,1,1,2,1,991,0,6,0,0,2,15,1206,20,34,35,0,7,37,105,100,159,401,121,58,1,1,1,92,105,10,46,1,220,43,186,0,37,6440,9,1,1,1025,33,1,5,80,50,131,1431,40,114,5,48,10,18,1390,45,6,8,27,1,11,13,6,280,2,286,45,9,155,53,0,85,1,1,19,5,3,97,0,1,3,1,0,0,1081,0,6,0,0,1,0,0,13,11,0,0,0,-1,0,0,0,0,0,0,0,0,377,0,0,0,0,0,0,0,0,0,0,0,0,0,0,93,19,-1,-2,0,0,0,0,0,0,0,6,0,0,0,46,13,0,0,0,0,0,0,0,0,0,0,75,0,-1,0,-1,65,-1,24,0,0,0,0,0,0,0,-1,0,4,0,-1,0,0,0,0,2,66,18,21,0,0,0,0,0,0,0,0,0,0,7,17,0,-18,0,0,0,0,0,0,0,0,0,-3,0,66,0,2,0,0,0,0,0,26,162,0,22,-1,0,0,21,4,4,0,0,4,-1,0,0,0,0,-1,0,16,23,0,8,61,11,569,-3,0,-1,0,25,1,0,22,0,4,0,-1,38,0,0,0,0,50,0,0,0,0,0,0,-1,0,0,0,0,-1,2,0,19,0,0,0,-1,-1,-1,-2,0,-1,-8,0,0,0,0,0,0,-7,0,0,0,20,11,0,0,0,0,0,0,-1,0,0,0,0,0,34,59,0,0,0,0,0,11,0,4,1,41,0,0,689,-1,0,0,0,0,0,0,-14,0,0,26,0,2,0,2,0,1,56,0,0
"55",2020-03-16,15,48,46,1,0,1,46,25,1,0,139,1,60,22,6,59,20,879,21,0,243,5,0,32,899,0,1,11,24,187,54,52,3,0,8,2,42,79,2,5,2,1,0,104,1,25,2,1,0,78,990,443,576,296,134,1360,252,146,168,318,482,1273,149,67808,1018,75,631,935,93,125,10,75,18,245,761,354,133,539,136,1,76,174,1229,32,1,2,32,1,49,696,5,29,257,1041,11,0,0,11,29,121,0,1,164,1,1,0,267,5118,7,4,2,1,0,8,1,2,1,0,36,5974,5,321,1,1,3,0,1,3,34,186,120,123,14839,124,145,257,25950,11,871,5,9,2,8348,1,114,0,32,116,0,4,12,64,0,379,14,22,9,1,0,37,20,2,1,0,25,2,1,2,1,1204,0,7,0,0,2,16,1376,21,50,47,0,7,47,142,128,236,458,146,69,1,2,1,106,121,20,55,2,235,57,236,0,52,8283,16,1,1,1156,41,3,5,103,60,146,2063,48,237,6,61,14,28,2074,57,8,9,32,1,14,14,9,319,2,356,63,10,212,58,0,108,1,2,21,7,3,104,0,1,3,1,0,0,1268,0,11,0,0,1,0,0,15,16,0,0,0,-1,0,0,0,0,0,0,0,0,462,0,0,0,0,0,0,0,0,0,0,0,0,0,0,132,26,-1,-1,0,0,0,0,0,0,0,8,0,0,0,46,16,0,0,0,0,0,0,0,0,0,0,112,0,-1,0,-1,97,-1,23,0,0,2,0,0,0,0,-1,0,6,0,-1,0,0,0,0,4,93,22,22,0,0,0,0,0,0,0,0,0,0,9,21,0,-17,0,0,0,0,0,0,0,0,0,-3,0,94,0,9,0,0,0,0,0,34,184,0,33,-1,0,0,33,9,5,0,0,7,-1,-1,0,0,0,-2,0,19,27,0,12,94,14,757,-3,0,-1,0,34,1,0,36,0,6,0,-1,42,0,0,0,0,68,0,-1,0,0,0,0,-1,0,0,0,0,-1,4,0,23,0,0,0,0,0,-1,-2,0,-1,-7,0,0,0,0,0,0,-6,0,0,0,28,11,0,0,0,0,0,0,-1,0,0,0,0,0,43,77,0,0,0,0,0,23,0,7,1,51,0,0,755,-1,0,0,0,0,0,0,-15,0,0,34,0,3,0,4,1,7,61,0,0
"56",2020-03-17,21,57,56,2,0,1,58,46,2,0,174,1,73,29,7,74,27,1092,20,1,242,7,0,38,1114,1,1,13,28,221,63,61,11,0,8,3,56,101,3,7,5,1,3,162,1,44,6,1,0,137,990,451,576,296,135,1362,252,146,168,318,482,1273,158,67803,1018,75,631,935,93,125,11,75,18,245,761,357,133,539,136,1,76,175,1233,51,1,3,37,1,60,696,5,36,319,1084,17,1,0,12,36,151,0,1,219,1,4,0,314,6631,10,4,5,1,0,10,2,2,1,0,37,7591,7,372,2,1,4,0,1,5,42,202,131,148,16084,134,180,287,30029,12,895,14,11,3,8382,2,128,0,38,118,1,5,17,82,0,545,15,30,14,1,0,53,26,5,1,0,32,2,1,3,1,1479,0,8,0,0,2,19,1512,23,110,59,0,9,78,163,177,332,503,174,91,4,2,1,117,136,26,63,3,253,70,282,1,66,10512,26,1,1,1256,52,3,5,133,75,162,2519,55,365,6,80,19,42,2455,73,10,11,38,2,18,16,15,363,2,469,81,11,278,66,1,142,1,4,23,15,6,107,0,1,5,1,0,0,1597,0,24,0,0,1,0,0,19,23,0,0,0,-1,0,0,0,0,0,0,0,0,583,0,0,0,0,0,0,0,0,0,0,0,0,0,0,171,33,-1,-1,0,0,0,0,0,0,0,9,0,0,0,47,22,0,0,0,0,0,0,0,0,0,0,157,0,-1,0,-1,127,0,21,0,0,3,0,0,0,0,-1,0,7,0,0,0,0,0,0,5,115,27,25,0,0,0,0,0,0,0,0,0,0,12,24,0,-14,0,0,0,0,0,0,0,0,0,-3,0,137,0,16,0,0,0,0,0,43,213,0,52,-1,0,0,52,13,6,0,0,8,-1,0,0,0,0,-1,0,21,42,0,17,162,18,998,-2,0,-1,0,42,1,0,51,0,10,0,-1,45,0,0,0,0,84,0,0,0,0,0,0,-1,0,0,0,0,-1,6,0,25,0,0,0,0,0,-1,-1,0,0,-6,0,0,0,0,0,0,-5,0,0,0,35,12,0,0,0,0,0,0,-1,0,0,0,0,0,55,93,0,0,0,0,0,37,0,12,1,57,0,0,934,-1,0,0,0,0,0,0,-13,0,0,48,0,3,0,7,4,15,66,0,0
"57",2020-03-18,24,63,65,25,0,1,71,74,2,0,216,1,85,32,8,96,33,1388,26,1,246,10,1,41,1335,1,1,14,30,311,67,74,16,0,24,8,74,113,6,9,8,2,6,199,1,70,8,1,0,199,990,457,576,296,135,1364,253,147,168,318,482,1273,166,67800,1018,75,631,935,93,125,12,75,18,246,761,360,133,540,136,1,76,176,1236,68,1,3,43,4,71,696,6,47,410,1121,38,1,0,19,53,195,0,1,258,1,5,0,360,8062,11,4,14,1,0,11,3,2,1,1,38,9627,8,428,5,1,7,0,1,8,52,232,149,183,17310,156,230,348,34067,14,930,29,26,4,8431,2,139,0,50,129,1,7,25,130,0,703,15,39,18,1,0,79,32,7,4,1,41,3,1,3,3,1795,0,11,0,0,3,25,1638,24,207,74,0,10,114,199,240,455,518,203,117,7,2,1,122,174,30,73,4,275,81,315,1,73,12725,42,1,1,1340,67,4,6,161,95,181,2931,62,443,7,103,24,53,2929,84,13,14,48,3,24,20,22,438,3,672,101,13,326,76,1,180,1,5,26,37,12,107,0,1,7,2,0,0,2014,0,38,0,0,3,0,0,22,26,0,0,0,0,0,0,0,0,0,0,0,0,730,0,0,0,0,0,0,0,0,0,0,0,0,0,0,190,60,-1,-1,0,0,0,0,0,0,0,15,0,0,0,47,25,0,0,0,0,0,0,0,0,0,0,218,0,-1,0,0,158,0,21,0,0,4,0,0,0,0,-1,0,10,0,0,0,0,0,0,8,160,32,26,0,0,0,0,0,0,0,0,0,0,17,28,0,-10,0,0,0,0,0,0,0,0,0,-2,0,196,0,29,0,0,0,0,0,60,239,0,69,-1,0,0,66,20,10,0,0,10,0,0,0,0,0,-1,0,24,57,0,25,255,24,1577,-2,0,-1,0,61,2,0,69,0,17,0,0,63,0,0,0,0,113,0,0,0,0,0,0,-1,0,0,0,0,0,6,0,27,0,0,0,0,0,0,-1,0,0,-5,0,0,0,0,0,0,-4,0,0,0,47,12,0,0,0,0,0,0,-1,0,0,0,0,0,74,116,0,0,0,0,0,52,0,14,2,71,0,0,1131,-1,0,0,0,0,0,1,-10,0,0,70,0,9,0,22,9,29,71,0,0
"58",2020-03-19,26,67,77,39,0,1,85,94,3,0,273,1,101,39,10,124,38,1730,30,1,263,14,2,51,1588,2,1,14,38,391,75,95,21,0,35,10,99,169,9,14,11,3,11,239,1,96,9,1,0,256,990,469,576,296,135,1369,253,146,168,318,482,1273,182,67799,1018,75,631,935,93,125,14,75,18,246,761,363,133,540,136,1,76,176,1236,94,1,4,52,6,85,706,7,55,498,1168,58,1,1,23,96,218,0,3,294,1,7,0,389,9620,12,4,25,3,0,13,3,3,1,1,40,12546,9,470,6,1,8,0,1,10,62,264,166,233,18528,174,298,439,38426,15,947,49,37,4,8498,3,151,2,69,142,2,21,30,196,0,854,15,44,21,1,2,100,36,8,6,1,52,3,1,4,3,2163,0,18,0,0,6,34,1733,34,302,92,0,11,152,225,282,519,522,262,151,9,3,1,129,194,34,87,5,314,106,327,1,109,15089,55,2,1,1417,96,4,9,200,119,199,3595,71,523,9,124,28,58,3348,103,18,17,62,6,32,28,32,531,5,799,132,16,427,96,2,220,1,7,31,82,15,115,0,1,7,6,0,1,2643,0,50,0,0,5,0,0,27,34,0,0,0,0,0,0,0,0,0,0,0,0,836,0,0,0,0,0,0,0,0,0,0,0,0,0,0,210,75,-1,-1,0,0,0,0,0,0,0,20,0,0,0,47,31,0,0,0,0,0,0,0,0,0,0,311,0,0,0,0,205,0,21,0,0,5,0,0,0,0,0,0,14,0,0,0,0,0,0,10,185,40,30,0,0,0,0,0,0,0,0,0,0,21,31,0,-7,0,0,0,0,0,0,0,0,0,-1,0,266,0,43,0,0,0,0,0,84,250,0,89,0,0,0,83,32,17,0,0,12,0,0,0,0,0,-1,0,26,64,0,29,306,27,2390,-1,0,0,0,76,5,0,91,0,21,0,0,74,0,0,0,0,153,0,0,0,0,0,0,-1,0,0,0,0,0,6,0,34,0,0,0,0,0,0,-1,0,0,-3,0,0,0,0,0,0,-3,0,0,0,54,12,0,0,0,0,0,0,-1,0,0,0,0,0,88,167,0,0,0,0,0,60,0,18,2,84,0,0,1189,-1,0,0,0,0,0,1,-7,0,0,95,0,14,0,44,14,39,78,1,0
"59",2020-03-20,26,71,91,55,0,1,102,122,4,0,327,1,139,45,11,138,51,2126,41,3,284,18,4,57,1898,2,1,14,58,585,83,107,32,0,42,14,125,229,11,18,13,4,15,280,2,127,15,1,1,283,990,482,576,296,135,1377,253,146,168,318,483,1273,207,67799,1018,75,631,935,93,125,17,75,18,246,761,365,133,540,137,1,76,177,1237,113,3,11,68,9,107,712,10,69,681,1235,77,2,1,32,175,264,1,6,313,1,7,1,435,11488,13,5,35,3,1,15,4,4,1,1,42,15909,11,485,9,1,9,0,1,13,76,329,197,311,19647,199,497,636,43623,17,970,70,48,6,8614,3,160,3,89,162,2,29,38,313,0,992,14,55,25,2,3,126,48,9,7,3,66,3,1,5,4,2594,0,27,1,0,8,47,1877,46,448,114,0,12,225,245,364,750,519,304,200,10,3,1,131,264,36,107,6,354,130,332,1,150,18669,67,2,1,1537,123,4,14,274,146,230,4444,85,666,15,139,31,68,4170,132,25,19,84,8,41,36,39,655,7,977,211,22,543,112,5,278,1,9,39,166,18,136,1,2,10,10,0,1,3013,0,75,0,0,8,0,0,41,56,0,0,0,0,0,0,0,0,0,0,0,0,1004,0,0,0,0,0,0,0,0,0,0,0,0,0,0,275,138,0,0,0,0,0,0,0,0,0,29,0,0,0,47,41,0,0,0,0,0,0,0,0,0,0,424,0,0,0,0,284,0,21,0,0,10,0,0,0,0,0,0,17,0,0,0,0,0,0,12,355,57,41,0,0,0,0,0,0,0,0,0,0,32,38,0,-4,0,0,0,0,0,0,0,0,0,-1,0,384,0,56,0,0,0,0,0,110,319,0,253,0,0,0,98,49,28,0,0,13,0,0,0,0,0,-1,0,31,91,0,42,621,35,4608,-1,0,0,0,115,14,0,122,0,39,0,0,91,0,0,0,0,207,0,0,0,0,0,0,0,0,0,0,0,0,6,0,44,0,0,0,0,0,0,0,0,0,-2,0,0,0,0,0,0,-1,0,0,0,77,12,0,0,0,0,0,0,0,0,0,0,0,0,140,248,0,0,0,0,0,81,0,23,3,103,0,0,1417,0,0,0,0,0,0,2,-4,0,0,149,0,19,0,74,22,48,88,2,0
"60",2020-03-21,27,76,100,77,1,1,130,148,6,0,381,2,184,53,11,143,65,2550,48,3,299,22,6,70,2332,2,2,16,85,799,88,132,42,1,54,20,154,286,12,20,14,4,18,330,2,153,20,2,1,412,990,495,576,298,135,1392,254,146,168,318,484,1273,250,67799,1018,75,631,935,93,126,18,75,18,247,762,371,133,541,137,1,76,177,1237,138,3,17,89,10,133,715,15,77,866,1322,91,2,1,61,324,305,1,7,327,1,9,1,486,13463,15,9,47,5,2,25,4,4,2,1,45,20400,16,531,12,1,9,1,1,21,90,412,244,388,20821,221,689,764,49691,18,999,92,56,8,8723,2,169,5,115,176,2,34,50,471,2,1133,14,67,32,2,9,167,66,11,7,10,81,3,1,5,4,3132,1,38,1,1,12,66,2038,52,555,143,1,14,266,259,449,1023,515,341,260,16,2,1,146,346,41,137,8,399,151,362,1,203,21975,80,2,3,1709,165,4,22,363,182,260,5464,99,851,20,167,37,83,5343,164,33,23,109,12,53,48,53,788,9,1221,311,30,693,137,7,338,6,11,53,318,27,147,2,3,14,12,1,1,3960,0,92,0,0,12,0,0,70,89,0,0,0,0,0,0,0,0,0,0,0,0,1224,0,0,0,0,0,0,0,0,0,0,0,0,0,0,362,197,0,0,0,0,0,0,0,0,0,39,0,0,0,49,64,0,0,0,0,0,0,0,0,0,0,573,0,0,0,0,408,0,22,0,0,14,0,0,0,0,0,0,25,0,0,0,0,0,0,20,555,83,48,0,0,0,0,0,0,0,0,0,0,44,47,0,-2,0,0,0,0,0,0,0,0,0,0,0,538,0,65,0,0,0,0,0,150,409,0,487,0,0,0,121,76,48,0,0,16,0,0,0,0,0,0,0,37,118,0,49,897,44,7713,0,0,0,0,168,20,0,171,0,52,0,0,116,0,0,0,0,296,0,0,0,0,0,0,0,0,0,0,0,0,12,0,55,0,0,0,0,0,0,0,0,0,-1,0,0,0,0,0,0,-1,0,0,0,118,14,0,0,0,0,0,0,0,0,0,0,0,0,218,375,0,0,0,0,0,90,0,30,3,127,0,0,1624,0,0,0,0,0,0,5,-2,0,0,208,0,22,0,100,33,51,96,2,1
